--------------------------------------------------------
--  파일이 생성됨 - 화요일-12월-28-2021   
--------------------------------------------------------
--------------------------------------------------------
--  DDL for Sequence SEQ_ANIMAL_IMG_NO
--------------------------------------------------------

   CREATE SEQUENCE  "SEQ_ANIMAL_IMG_NO"  MINVALUE 1 MAXVALUE 9999999999999999999999999999 INCREMENT BY 1 START WITH 281 CACHE 20 NOORDER  NOCYCLE ;
--------------------------------------------------------
--  DDL for Sequence SEQ_ANIMAL_NO
--------------------------------------------------------

   CREATE SEQUENCE  "SEQ_ANIMAL_NO"  MINVALUE 1 MAXVALUE 9999999999999999999999999999 INCREMENT BY 1 START WITH 421 CACHE 20 NOORDER  NOCYCLE ;
--------------------------------------------------------
--  DDL for Sequence SEQ_ANIMAL_NO2
--------------------------------------------------------

   CREATE SEQUENCE  "SEQ_ANIMAL_NO2"  MINVALUE 1 MAXVALUE 9999999999999999999999999999 INCREMENT BY 1 START WITH 21 CACHE 20 NOORDER  NOCYCLE ;
--------------------------------------------------------
--  DDL for Sequence SEQ_BOARD_NO
--------------------------------------------------------

   CREATE SEQUENCE  "SEQ_BOARD_NO"  MINVALUE 1 MAXVALUE 9999999999999999999999999999 INCREMENT BY 1 START WITH 441 CACHE 20 NOORDER  NOCYCLE ;
--------------------------------------------------------
--  DDL for Sequence SEQ_BOARD_PIC_NO
--------------------------------------------------------

   CREATE SEQUENCE  "SEQ_BOARD_PIC_NO"  MINVALUE 1 MAXVALUE 9999999999999999999999999999 INCREMENT BY 1 START WITH 341 CACHE 20 NOORDER  NOCYCLE ;
--------------------------------------------------------
--  DDL for Sequence SEQ_EXCHANGE_NO
--------------------------------------------------------

   CREATE SEQUENCE  "SEQ_EXCHANGE_NO"  MINVALUE 1 MAXVALUE 9999999999999999999999999999 INCREMENT BY 1 START WITH 1 CACHE 20 NOORDER  NOCYCLE ;
--------------------------------------------------------
--  DDL for Sequence SEQ_MEMBER_NO
--------------------------------------------------------

   CREATE SEQUENCE  "SEQ_MEMBER_NO"  MINVALUE 1 MAXVALUE 9999999999999999999999999999 INCREMENT BY 1 START WITH 281 CACHE 20 NOORDER  NOCYCLE ;
--------------------------------------------------------
--  DDL for Sequence SEQ_POINT_NO
--------------------------------------------------------

   CREATE SEQUENCE  "SEQ_POINT_NO"  MINVALUE 1 MAXVALUE 9999999999999999999999999999 INCREMENT BY 1 START WITH 221 CACHE 20 NOORDER  NOCYCLE ;
--------------------------------------------------------
--  DDL for Sequence SEQ_PRODUCT_NO
--------------------------------------------------------

   CREATE SEQUENCE  "SEQ_PRODUCT_NO"  MINVALUE 1 MAXVALUE 9999999999999999999999999999 INCREMENT BY 1 START WITH 1 CACHE 20 NOORDER  NOCYCLE ;
--------------------------------------------------------
--  DDL for Sequence SEQ_REPLY_NO
--------------------------------------------------------

   CREATE SEQUENCE  "SEQ_REPLY_NO"  MINVALUE 1 MAXVALUE 9999999999999999999999999999 INCREMENT BY 1 START WITH 201 CACHE 20 NOORDER  NOCYCLE ;
--------------------------------------------------------
--  DDL for Table ANIMAL
--------------------------------------------------------

  CREATE TABLE "ANIMAL" 
   (	"ANIMAL_NO" NUMBER, 
	"ANIMAL_NAME" VARCHAR2(20), 
	"ANIMAL_VARIETY" VARCHAR2(30), 
	"ANIMAL_SEX" VARCHAR2(10), 
	"ANIMAL_BIRTH" VARCHAR2(20), 
	"MEMBER_NO" NUMBER, 
	"ANIMAL_CATEGORY_CD" NUMBER
   ) ;

   COMMENT ON COLUMN "ANIMAL"."ANIMAL_NO" IS '동물 번호';
   COMMENT ON COLUMN "ANIMAL"."ANIMAL_NAME" IS '동물 이름';
   COMMENT ON COLUMN "ANIMAL"."ANIMAL_VARIETY" IS '동물 품종';
   COMMENT ON COLUMN "ANIMAL"."ANIMAL_SEX" IS '동물 성별';
   COMMENT ON COLUMN "ANIMAL"."ANIMAL_BIRTH" IS '동물 생일';
--------------------------------------------------------
--  DDL for Table ANIMAL_CATEGORY
--------------------------------------------------------

  CREATE TABLE "ANIMAL_CATEGORY" 
   (	"ANIMAL_CATEGORY_CD" NUMBER, 
	"ANIMAL_CATEGORY_NM" VARCHAR2(10)
   ) ;

   COMMENT ON COLUMN "ANIMAL_CATEGORY"."ANIMAL_CATEGORY_CD" IS '동물 카테고리 번호';
   COMMENT ON COLUMN "ANIMAL_CATEGORY"."ANIMAL_CATEGORY_NM" IS '동물 카테고리 종류';
--------------------------------------------------------
--  DDL for Table ANIMAL_IMG
--------------------------------------------------------

  CREATE TABLE "ANIMAL_IMG" 
   (	"ANIMAL_IMG_NO" NUMBER, 
	"ANIMAL_IMG_PATH" VARCHAR2(200), 
	"ANIMAL_IMG_NM" VARCHAR2(30), 
	"ANIMAL_IMG_ORIGINAL" VARCHAR2(100), 
	"ANIMAL_IMG_LEVEL" VARCHAR2(20), 
	"ANIMAL_NO" NUMBER
   ) ;

   COMMENT ON COLUMN "ANIMAL_IMG"."ANIMAL_IMG_NO" IS '반려동물 이미지 번호';
   COMMENT ON COLUMN "ANIMAL_IMG"."ANIMAL_IMG_PATH" IS '반려동물이미지 경로';
   COMMENT ON COLUMN "ANIMAL_IMG"."ANIMAL_IMG_NM" IS '반려동물이미지명';
   COMMENT ON COLUMN "ANIMAL_IMG"."ANIMAL_IMG_ORIGINAL" IS '원본 반려동물이미지 명';
--------------------------------------------------------
--  DDL for Table BOARD
--------------------------------------------------------

  CREATE TABLE "BOARD" 
   (	"BOARD_NO" NUMBER, 
	"BOARD_TITLE" VARCHAR2(200), 
	"BOARD_CONTENT" CLOB, 
	"CREATE_DT" DATE DEFAULT SYSDATE, 
	"READ_COUNT" NUMBER DEFAULT 0, 
	"BOARD_CD" NUMBER, 
	"STATUS_CD" NUMBER DEFAULT 1, 
	"MEMBER_NO" NUMBER
   ) ;

   COMMENT ON COLUMN "BOARD"."BOARD_NO" IS '게시글';
   COMMENT ON COLUMN "BOARD"."BOARD_TITLE" IS '게시글';
   COMMENT ON COLUMN "BOARD"."BOARD_CONTENT" IS '게시글';
   COMMENT ON COLUMN "BOARD"."CREATE_DT" IS '게시글';
   COMMENT ON COLUMN "BOARD"."READ_COUNT" IS '게시글';
   COMMENT ON COLUMN "BOARD"."BOARD_CD" IS '게시판 코드';
   COMMENT ON COLUMN "BOARD"."STATUS_CD" IS '상태 코드';
   COMMENT ON COLUMN "BOARD"."MEMBER_NO" IS '회원번호';
--------------------------------------------------------
--  DDL for Table BOARD_CODE
--------------------------------------------------------

  CREATE TABLE "BOARD_CODE" 
   (	"BOARD_CD" NUMBER, 
	"BOARD_NAME" VARCHAR2(30)
   ) ;

   COMMENT ON COLUMN "BOARD_CODE"."BOARD_CD" IS '게시판 코드';
   COMMENT ON COLUMN "BOARD_CODE"."BOARD_NAME" IS '게시판 이름';
--------------------------------------------------------
--  DDL for Table BOARD_PIC
--------------------------------------------------------

  CREATE TABLE "BOARD_PIC" 
   (	"BOARD_PIC_NO" NUMBER, 
	"BOARD_PIC_PATH" VARCHAR2(200), 
	"BOARD_PIC_NM" VARCHAR2(30), 
	"BOARD_PIC_ORIGINAL" VARCHAR2(100), 
	"BOARD_PIC_LEVEL" NUMBER, 
	"BOARD_NO" NUMBER
   ) ;

   COMMENT ON COLUMN "BOARD_PIC"."BOARD_PIC_NO" IS '게시판 사진 번호';
   COMMENT ON COLUMN "BOARD_PIC"."BOARD_PIC_PATH" IS '게시판 사진 경로';
   COMMENT ON COLUMN "BOARD_PIC"."BOARD_PIC_NM" IS '게시판 사진명';
   COMMENT ON COLUMN "BOARD_PIC"."BOARD_PIC_ORIGINAL" IS '원본게시판이미지명';
   COMMENT ON COLUMN "BOARD_PIC"."BOARD_PIC_LEVEL" IS '게시판사진 위지 지정값';
   COMMENT ON COLUMN "BOARD_PIC"."BOARD_NO" IS '게시글';
--------------------------------------------------------
--  DDL for Table LIKE
--------------------------------------------------------

  CREATE TABLE "LIKE" 
   (	"MEMBER_NO" NUMBER, 
	"BOARD_NO" NUMBER
   ) ;

   COMMENT ON COLUMN "LIKE"."MEMBER_NO" IS '회원번호';
   COMMENT ON COLUMN "LIKE"."BOARD_NO" IS '게시글';
--------------------------------------------------------
--  DDL for Table MEMBER
--------------------------------------------------------

  CREATE TABLE "MEMBER" 
   (	"MEMBER_NO" NUMBER, 
	"MEMBER_ID" VARCHAR2(20), 
	"MEMBER_PW" VARCHAR2(200), 
	"MEMBER_NM" VARCHAR2(15), 
	"MEMBER_EMAIL" VARCHAR2(50), 
	"ENROLL_DT" DATE DEFAULT SYSDATE, 
	"STATUS_CD" NUMBER DEFAULT 1, 
	"GRADE_CD" NUMBER DEFAULT 100, 
	"ANIMAL_PROFILE_IMG" VARCHAR2(200) DEFAULT '/resources/images/main/basis-profile-img.png'
   ) ;

   COMMENT ON COLUMN "MEMBER"."MEMBER_NO" IS '회원번호';
   COMMENT ON COLUMN "MEMBER"."MEMBER_ID" IS '회원아이디';
   COMMENT ON COLUMN "MEMBER"."MEMBER_PW" IS '회원 비밀번호';
   COMMENT ON COLUMN "MEMBER"."MEMBER_NM" IS '회원 이름';
   COMMENT ON COLUMN "MEMBER"."MEMBER_EMAIL" IS '회원 이메일';
   COMMENT ON COLUMN "MEMBER"."ENROLL_DT" IS '회원 가입일';
   COMMENT ON COLUMN "MEMBER"."STATUS_CD" IS '회원 상태 코드';
   COMMENT ON COLUMN "MEMBER"."GRADE_CD" IS '회원 등급 코드';
--------------------------------------------------------
--  DDL for Table MEMBER_GRADE
--------------------------------------------------------

  CREATE TABLE "MEMBER_GRADE" 
   (	"GRADE_CD" NUMBER, 
	"GRADE_NM" VARCHAR2(20)
   ) ;

   COMMENT ON COLUMN "MEMBER_GRADE"."GRADE_CD" IS '회원 등급 코드';
   COMMENT ON COLUMN "MEMBER_GRADE"."GRADE_NM" IS '회원 등급 이름';
--------------------------------------------------------
--  DDL for Table MEMBER_STATUS
--------------------------------------------------------

  CREATE TABLE "MEMBER_STATUS" 
   (	"STATUS_CD" NUMBER, 
	"STATUS_NM" VARCHAR2(20)
   ) ;

   COMMENT ON COLUMN "MEMBER_STATUS"."STATUS_CD" IS '회원 상태 코드';
   COMMENT ON COLUMN "MEMBER_STATUS"."STATUS_NM" IS '회원 상태 이름';
--------------------------------------------------------
--  DDL for Table POINT
--------------------------------------------------------

  CREATE TABLE "POINT" 
   (	"POINT_NO" NUMBER, 
	"POINT_SCORE" NUMBER DEFAULT 0, 
	"POINT_DATE" DATE DEFAULT SYSDATE, 
	"MEMBER_NO" NUMBER
   ) ;

   COMMENT ON COLUMN "POINT"."POINT_NO" IS '포인트 번호';
   COMMENT ON COLUMN "POINT"."POINT_SCORE" IS '포인트 점수';
   COMMENT ON COLUMN "POINT"."POINT_DATE" IS '포인트 획득 날짜';
   COMMENT ON COLUMN "POINT"."MEMBER_NO" IS '회원번호';
--------------------------------------------------------
--  DDL for Table PRODUCT
--------------------------------------------------------

  CREATE TABLE "PRODUCT" 
   (	"PRODUCT_NO" NUMBER, 
	"PRODUCT_NAME" VARCHAR2(50), 
	"PRODUCT_POINT" NUMBER
   ) ;

   COMMENT ON COLUMN "PRODUCT"."PRODUCT_NO" IS '상품 번호';
   COMMENT ON COLUMN "PRODUCT"."PRODUCT_NAME" IS '상품이름';
   COMMENT ON COLUMN "PRODUCT"."PRODUCT_POINT" IS '상품 포인트';
--------------------------------------------------------
--  DDL for Table PRODUCT_EXCHANGE
--------------------------------------------------------

  CREATE TABLE "PRODUCT_EXCHANGE" 
   (	"EXCHANGE_NO" NUMBER, 
	"EXCHANGE_DATE" DATE DEFAULT SYSDATE, 
	"MEMBER_NO" NUMBER, 
	"PRODUCT_NO" NUMBER
   ) ;

   COMMENT ON COLUMN "PRODUCT_EXCHANGE"."EXCHANGE_NO" IS '교환 번호';
   COMMENT ON COLUMN "PRODUCT_EXCHANGE"."EXCHANGE_DATE" IS '교환 날짜';
   COMMENT ON COLUMN "PRODUCT_EXCHANGE"."MEMBER_NO" IS '회원번호';
   COMMENT ON COLUMN "PRODUCT_EXCHANGE"."PRODUCT_NO" IS '상품 번호';
--------------------------------------------------------
--  DDL for Table REPLY
--------------------------------------------------------

  CREATE TABLE "REPLY" 
   (	"REPLY_NO" NUMBER, 
	"REPLY_CONTENT" VARCHAR2(1000), 
	"REPLY_CREATE_DT" DATE DEFAULT SYSDATE, 
	"BOARD_NO" NUMBER, 
	"MEMBER_NO" NUMBER, 
	"STATUS_CD" NUMBER DEFAULT 1, 
	"FEEDBACK" NUMBER DEFAULT NULL
   ) ;

   COMMENT ON COLUMN "REPLY"."REPLY_NO" IS '댓글번호';
   COMMENT ON COLUMN "REPLY"."REPLY_CONTENT" IS '댓글 내용';
   COMMENT ON COLUMN "REPLY"."REPLY_CREATE_DT" IS '댓글 작성일';
   COMMENT ON COLUMN "REPLY"."BOARD_NO" IS '게시글 번호';
   COMMENT ON COLUMN "REPLY"."MEMBER_NO" IS '회원번호';
   COMMENT ON COLUMN "REPLY"."STATUS_CD" IS '상태 코드';
--------------------------------------------------------
--  DDL for Table STATUS
--------------------------------------------------------

  CREATE TABLE "STATUS" 
   (	"STATUS_CD" NUMBER, 
	"STATUS_NM" VARCHAR2(20)
   ) ;

   COMMENT ON COLUMN "STATUS"."STATUS_CD" IS '상태 코드';
   COMMENT ON COLUMN "STATUS"."STATUS_NM" IS '상태 이름';
--------------------------------------------------------
--  DDL for View BOARD_LIST
--------------------------------------------------------

  CREATE OR REPLACE VIEW "BOARD_LIST" ("BOARD_NO", "BOARD_TITLE", "MEMBER_NO", "MEMBER_NM", "BOARD_PIC_PATH", "BOARD_PIC_NM", "BOARD_CONTENT", "BOARD_PIC_LEVEL", "ANIMAL_PROFILE_IMG", "READ_COUNT", "CREATE_DT", "BOARD_CD", "BOARD_NAME", "STATUS_CD", "STATUS_NM") AS 
  SELECT B.BOARD_NO, B.BOARD_TITLE, B.MEMBER_NO, M.MEMBER_NM, BP.BOARD_PIC_PATH, BP.BOARD_PIC_NM, BOARD_CONTENT, BOARD_PIC_LEVEL, ANIMAL_PROFILE_IMG,
        READ_COUNT,
        -- CREATE_DT,
        -- 게시글 작성 시간으로 부터 1일이 지나지 않은 경우 -> 16:12 시간 작성
        -- 게시글 작성 시간으로 부터 1일이 지난 경우 -> 2021-12-12 날짜 작성
        CASE WHEN TO_DATE(TO_CHAR(SYSDATE, 'YYYY-MM-DD')) - TO_DATE(TO_CHAR(CREATE_DT, 'YYYY-MM-DD')) = 0
            THEN TO_CHAR( CREATE_DT, 'HH24:MI' )
        
        ELSE TO_CHAR( CREATE_DT, 'YYYY-MM-DD' )
        END AS "CREATE_DT",
        
        B.BOARD_CD, BC.BOARD_NAME,
        B.STATUS_CD, S.STATUS_NM
FROM BOARD B
JOIN MEMBER M ON(M.MEMBER_NO = B.MEMBER_NO)
JOIN BOARD_CODE BC ON(BC.BOARD_CD = B.BOARD_CD)
JOIN STATUS S ON(B.STATUS_CD = S.STATUS_CD)
JOIN BOARD_PIC BP ON(B.BOARD_NO = BP.BOARD_NO)
;
REM INSERTING into ANIMAL
SET DEFINE OFF;
Insert into ANIMAL (ANIMAL_NO,ANIMAL_NAME,ANIMAL_VARIETY,ANIMAL_SEX,ANIMAL_BIRTH,MEMBER_NO,ANIMAL_CATEGORY_CD) values (368,'고양이','고양이','암컷','2021-01-01',222,2);
Insert into ANIMAL (ANIMAL_NO,ANIMAL_NAME,ANIMAL_VARIETY,ANIMAL_SEX,ANIMAL_BIRTH,MEMBER_NO,ANIMAL_CATEGORY_CD) values (369,'멍이','강아지','수컷','2021-01-01',224,1);
Insert into ANIMAL (ANIMAL_NO,ANIMAL_NAME,ANIMAL_VARIETY,ANIMAL_SEX,ANIMAL_BIRTH,MEMBER_NO,ANIMAL_CATEGORY_CD) values (384,'이양고','롱노우즈','수컷','2021-05-17',234,2);
Insert into ANIMAL (ANIMAL_NO,ANIMAL_NAME,ANIMAL_VARIETY,ANIMAL_SEX,ANIMAL_BIRTH,MEMBER_NO,ANIMAL_CATEGORY_CD) values (371,'피노','숏헤어','수컷','2021-01-01',229,2);
Insert into ANIMAL (ANIMAL_NO,ANIMAL_NAME,ANIMAL_VARIETY,ANIMAL_SEX,ANIMAL_BIRTH,MEMBER_NO,ANIMAL_CATEGORY_CD) values (401,'봉국','패르시안','수컷','2021-01-01',225,2);
Insert into ANIMAL (ANIMAL_NO,ANIMAL_NAME,ANIMAL_VARIETY,ANIMAL_SEX,ANIMAL_BIRTH,MEMBER_NO,ANIMAL_CATEGORY_CD) values (385,'봉국봉국','페르시안','수컷','2008-03-17',236,2);
Insert into ANIMAL (ANIMAL_NO,ANIMAL_NAME,ANIMAL_VARIETY,ANIMAL_SEX,ANIMAL_BIRTH,MEMBER_NO,ANIMAL_CATEGORY_CD) values (364,'고양이','페르시안','암컷','2021-01-01',221,2);
Insert into ANIMAL (ANIMAL_NO,ANIMAL_NAME,ANIMAL_VARIETY,ANIMAL_SEX,ANIMAL_BIRTH,MEMBER_NO,ANIMAL_CATEGORY_CD) values (402,'루피','잔망','수컷','2021-01-01',241,1);
Insert into ANIMAL (ANIMAL_NO,ANIMAL_NAME,ANIMAL_VARIETY,ANIMAL_SEX,ANIMAL_BIRTH,MEMBER_NO,ANIMAL_CATEGORY_CD) values (405,'박서준','사람','수컷','2003-08-14',239,3);
Insert into ANIMAL (ANIMAL_NO,ANIMAL_NAME,ANIMAL_VARIETY,ANIMAL_SEX,ANIMAL_BIRTH,MEMBER_NO,ANIMAL_CATEGORY_CD) values (406,'뽀또','코리안숏헤어','암컷','2004-02-16',242,2);
Insert into ANIMAL (ANIMAL_NO,ANIMAL_NAME,ANIMAL_VARIETY,ANIMAL_SEX,ANIMAL_BIRTH,MEMBER_NO,ANIMAL_CATEGORY_CD) values (408,'가비','코리안 숏헤어','암컷','2018-01-01',261,2);
commit;
REM INSERTING into ANIMAL_CATEGORY
SET DEFINE OFF;
Insert into ANIMAL_CATEGORY (ANIMAL_CATEGORY_CD,ANIMAL_CATEGORY_NM) values (1,'강아지');
Insert into ANIMAL_CATEGORY (ANIMAL_CATEGORY_CD,ANIMAL_CATEGORY_NM) values (2,'고양이');
Insert into ANIMAL_CATEGORY (ANIMAL_CATEGORY_CD,ANIMAL_CATEGORY_NM) values (3,'기타');
commit;
REM INSERTING into ANIMAL_IMG
SET DEFINE OFF;
Insert into ANIMAL_IMG (ANIMAL_IMG_NO,ANIMAL_IMG_PATH,ANIMAL_IMG_NM,ANIMAL_IMG_ORIGINAL,ANIMAL_IMG_LEVEL,ANIMAL_NO) values (223,'/resources/images/animalProfileImg/','20211227190747_94618.gif','9940DB4C5EEB9D0018.gif',null,368);
Insert into ANIMAL_IMG (ANIMAL_IMG_NO,ANIMAL_IMG_PATH,ANIMAL_IMG_NM,ANIMAL_IMG_ORIGINAL,ANIMAL_IMG_LEVEL,ANIMAL_NO) values (219,'/resources/images/animalProfileImg/','20211227182527_21505.jpg','cat2.jpg',null,364);
Insert into ANIMAL_IMG (ANIMAL_IMG_NO,ANIMAL_IMG_PATH,ANIMAL_IMG_NM,ANIMAL_IMG_ORIGINAL,ANIMAL_IMG_LEVEL,ANIMAL_NO) values (224,'/resources/images/animalProfileImg/','20211227194435_77442.JPG','dogimage1.JPG',null,369);
Insert into ANIMAL_IMG (ANIMAL_IMG_NO,ANIMAL_IMG_PATH,ANIMAL_IMG_NM,ANIMAL_IMG_ORIGINAL,ANIMAL_IMG_LEVEL,ANIMAL_NO) values (244,'/resources/images/animalProfileImg/','20211228150638_55262.PNG','고양이장모쿠션.PNG',null,384);
Insert into ANIMAL_IMG (ANIMAL_IMG_NO,ANIMAL_IMG_PATH,ANIMAL_IMG_NM,ANIMAL_IMG_ORIGINAL,ANIMAL_IMG_LEVEL,ANIMAL_NO) values (226,'/resources/images/animalProfileImg/','20211228002247_87110.jpg','pino.jpg',null,371);
Insert into ANIMAL_IMG (ANIMAL_IMG_NO,ANIMAL_IMG_PATH,ANIMAL_IMG_NM,ANIMAL_IMG_ORIGINAL,ANIMAL_IMG_LEVEL,ANIMAL_NO) values (261,'/resources/images/animalProfileImg/','20211228151313_03359.png','KakaoTalk_20211228_114613433.png',null,401);
Insert into ANIMAL_IMG (ANIMAL_IMG_NO,ANIMAL_IMG_PATH,ANIMAL_IMG_NM,ANIMAL_IMG_ORIGINAL,ANIMAL_IMG_LEVEL,ANIMAL_NO) values (245,'/resources/images/animalProfileImg/','20211228150854_91905.JPG','IMG_5578.JPG',null,385);
Insert into ANIMAL_IMG (ANIMAL_IMG_NO,ANIMAL_IMG_PATH,ANIMAL_IMG_NM,ANIMAL_IMG_ORIGINAL,ANIMAL_IMG_LEVEL,ANIMAL_NO) values (262,'/resources/images/animalProfileImg/','20211228151321_31990.png','loopy.png',null,402);
Insert into ANIMAL_IMG (ANIMAL_IMG_NO,ANIMAL_IMG_PATH,ANIMAL_IMG_NM,ANIMAL_IMG_ORIGINAL,ANIMAL_IMG_LEVEL,ANIMAL_NO) values (264,'/resources/images/animalProfileImg/','20211228151349_74361.jfif','박서준.jfif',null,405);
Insert into ANIMAL_IMG (ANIMAL_IMG_NO,ANIMAL_IMG_PATH,ANIMAL_IMG_NM,ANIMAL_IMG_ORIGINAL,ANIMAL_IMG_LEVEL,ANIMAL_NO) values (265,'/resources/images/animalProfileImg/','20211228151436_79679.gif','4.gif',null,406);
Insert into ANIMAL_IMG (ANIMAL_IMG_NO,ANIMAL_IMG_PATH,ANIMAL_IMG_NM,ANIMAL_IMG_ORIGINAL,ANIMAL_IMG_LEVEL,ANIMAL_NO) values (267,'/resources/images/animalProfileImg/','20211228152713_48304.jpg','KakaoTalk_20211228_152022809_01.jpg',null,408);
commit;
REM INSERTING into BOARD
SET DEFINE OFF;
Insert into BOARD (BOARD_NO,BOARD_TITLE,CREATE_DT,READ_COUNT,BOARD_CD,STATUS_CD,MEMBER_NO) values (404,null,to_date('21/12/28','RR/MM/DD'),0,100,1,235);
Insert into BOARD (BOARD_NO,BOARD_TITLE,CREATE_DT,READ_COUNT,BOARD_CD,STATUS_CD,MEMBER_NO) values (405,null,to_date('21/12/28','RR/MM/DD'),0,100,1,235);
Insert into BOARD (BOARD_NO,BOARD_TITLE,CREATE_DT,READ_COUNT,BOARD_CD,STATUS_CD,MEMBER_NO) values (406,null,to_date('21/12/28','RR/MM/DD'),0,100,1,236);
Insert into BOARD (BOARD_NO,BOARD_TITLE,CREATE_DT,READ_COUNT,BOARD_CD,STATUS_CD,MEMBER_NO) values (407,'ㅎㅎㅎ',to_date('21/12/28','RR/MM/DD'),3,30,1,225);
Insert into BOARD (BOARD_NO,BOARD_TITLE,CREATE_DT,READ_COUNT,BOARD_CD,STATUS_CD,MEMBER_NO) values (408,null,to_date('21/12/28','RR/MM/DD'),0,100,1,235);
Insert into BOARD (BOARD_NO,BOARD_TITLE,CREATE_DT,READ_COUNT,BOARD_CD,STATUS_CD,MEMBER_NO) values (409,null,to_date('21/12/28','RR/MM/DD'),0,100,1,236);
Insert into BOARD (BOARD_NO,BOARD_TITLE,CREATE_DT,READ_COUNT,BOARD_CD,STATUS_CD,MEMBER_NO) values (410,'안녕',to_date('21/12/28','RR/MM/DD'),4,10,1,241);
Insert into BOARD (BOARD_NO,BOARD_TITLE,CREATE_DT,READ_COUNT,BOARD_CD,STATUS_CD,MEMBER_NO) values (411,'안녕하세요',to_date('21/12/28','RR/MM/DD'),13,10,1,261);
Insert into BOARD (BOARD_NO,BOARD_TITLE,CREATE_DT,READ_COUNT,BOARD_CD,STATUS_CD,MEMBER_NO) values (412,null,to_date('21/12/28','RR/MM/DD'),0,100,1,237);
Insert into BOARD (BOARD_NO,BOARD_TITLE,CREATE_DT,READ_COUNT,BOARD_CD,STATUS_CD,MEMBER_NO) values (413,null,to_date('21/12/28','RR/MM/DD'),0,100,1,237);
Insert into BOARD (BOARD_NO,BOARD_TITLE,CREATE_DT,READ_COUNT,BOARD_CD,STATUS_CD,MEMBER_NO) values (414,null,to_date('21/12/28','RR/MM/DD'),0,100,1,261);
Insert into BOARD (BOARD_NO,BOARD_TITLE,CREATE_DT,READ_COUNT,BOARD_CD,STATUS_CD,MEMBER_NO) values (415,null,to_date('21/12/28','RR/MM/DD'),2,90,1,241);
Insert into BOARD (BOARD_NO,BOARD_TITLE,CREATE_DT,READ_COUNT,BOARD_CD,STATUS_CD,MEMBER_NO) values (416,'봉국 &호가비 & 제리',to_date('21/12/28','RR/MM/DD'),12,10,1,236);
Insert into BOARD (BOARD_NO,BOARD_TITLE,CREATE_DT,READ_COUNT,BOARD_CD,STATUS_CD,MEMBER_NO) values (417,'안녕하세요',to_date('21/12/28','RR/MM/DD'),2,10,2,238);
Insert into BOARD (BOARD_NO,BOARD_TITLE,CREATE_DT,READ_COUNT,BOARD_CD,STATUS_CD,MEMBER_NO) values (418,null,to_date('21/12/28','RR/MM/DD'),1,70,2,238);
Insert into BOARD (BOARD_NO,BOARD_TITLE,CREATE_DT,READ_COUNT,BOARD_CD,STATUS_CD,MEMBER_NO) values (419,null,to_date('21/12/28','RR/MM/DD'),2,70,1,261);
Insert into BOARD (BOARD_NO,BOARD_TITLE,CREATE_DT,READ_COUNT,BOARD_CD,STATUS_CD,MEMBER_NO) values (420,'일반유저가 공지사항을 쓸 수 있나요?',to_date('21/12/28','RR/MM/DD'),0,110,1,236);
Insert into BOARD (BOARD_NO,BOARD_TITLE,CREATE_DT,READ_COUNT,BOARD_CD,STATUS_CD,MEMBER_NO) values (363,'안녕하세요',to_date('21/12/27','RR/MM/DD'),7,10,1,222);
Insert into BOARD (BOARD_NO,BOARD_TITLE,CREATE_DT,READ_COUNT,BOARD_CD,STATUS_CD,MEMBER_NO) values (364,null,to_date('21/12/27','RR/MM/DD'),0,90,1,225);
Insert into BOARD (BOARD_NO,BOARD_TITLE,CREATE_DT,READ_COUNT,BOARD_CD,STATUS_CD,MEMBER_NO) values (365,null,to_date('21/12/27','RR/MM/DD'),0,90,1,225);
Insert into BOARD (BOARD_NO,BOARD_TITLE,CREATE_DT,READ_COUNT,BOARD_CD,STATUS_CD,MEMBER_NO) values (366,null,to_date('21/12/27','RR/MM/DD'),0,90,1,225);
Insert into BOARD (BOARD_NO,BOARD_TITLE,CREATE_DT,READ_COUNT,BOARD_CD,STATUS_CD,MEMBER_NO) values (367,null,to_date('21/12/27','RR/MM/DD'),12,90,1,225);
Insert into BOARD (BOARD_NO,BOARD_TITLE,CREATE_DT,READ_COUNT,BOARD_CD,STATUS_CD,MEMBER_NO) values (368,null,to_date('21/12/27','RR/MM/DD'),3,90,1,223);
Insert into BOARD (BOARD_NO,BOARD_TITLE,CREATE_DT,READ_COUNT,BOARD_CD,STATUS_CD,MEMBER_NO) values (369,null,to_date('21/12/27','RR/MM/DD'),3,70,1,221);
Insert into BOARD (BOARD_NO,BOARD_TITLE,CREATE_DT,READ_COUNT,BOARD_CD,STATUS_CD,MEMBER_NO) values (370,'반려견 보험 추천점..',to_date('21/12/27','RR/MM/DD'),4,20,1,221);
Insert into BOARD (BOARD_NO,BOARD_TITLE,CREATE_DT,READ_COUNT,BOARD_CD,STATUS_CD,MEMBER_NO) values (371,null,to_date('21/12/27','RR/MM/DD'),2,80,1,223);
Insert into BOARD (BOARD_NO,BOARD_TITLE,CREATE_DT,READ_COUNT,BOARD_CD,STATUS_CD,MEMBER_NO) values (372,null,to_date('21/12/27','RR/MM/DD'),14,80,1,223);
Insert into BOARD (BOARD_NO,BOARD_TITLE,CREATE_DT,READ_COUNT,BOARD_CD,STATUS_CD,MEMBER_NO) values (373,'강아지를 키우는 이유',to_date('21/12/27','RR/MM/DD'),0,10,2,222);
Insert into BOARD (BOARD_NO,BOARD_TITLE,CREATE_DT,READ_COUNT,BOARD_CD,STATUS_CD,MEMBER_NO) values (374,'강아지를 키우는 이유',to_date('21/12/27','RR/MM/DD'),40,10,1,222);
Insert into BOARD (BOARD_NO,BOARD_TITLE,CREATE_DT,READ_COUNT,BOARD_CD,STATUS_CD,MEMBER_NO) values (375,null,to_date('21/12/27','RR/MM/DD'),5,80,1,225);
Insert into BOARD (BOARD_NO,BOARD_TITLE,CREATE_DT,READ_COUNT,BOARD_CD,STATUS_CD,MEMBER_NO) values (376,'김해시에서 반려동물 내장형 칩 등록비용 지원해준대요~',to_date('21/12/27','RR/MM/DD'),18,10,1,222);
Insert into BOARD (BOARD_NO,BOARD_TITLE,CREATE_DT,READ_COUNT,BOARD_CD,STATUS_CD,MEMBER_NO) values (377,null,to_date('21/12/27','RR/MM/DD'),2,80,1,225);
Insert into BOARD (BOARD_NO,BOARD_TITLE,CREATE_DT,READ_COUNT,BOARD_CD,STATUS_CD,MEMBER_NO) values (378,null,to_date('21/12/27','RR/MM/DD'),5,70,1,221);
Insert into BOARD (BOARD_NO,BOARD_TITLE,CREATE_DT,READ_COUNT,BOARD_CD,STATUS_CD,MEMBER_NO) values (379,null,to_date('21/12/27','RR/MM/DD'),8,70,1,221);
Insert into BOARD (BOARD_NO,BOARD_TITLE,CREATE_DT,READ_COUNT,BOARD_CD,STATUS_CD,MEMBER_NO) values (380,'이벤트입니다',to_date('21/12/27','RR/MM/DD'),4,60,1,222);
Insert into BOARD (BOARD_NO,BOARD_TITLE,CREATE_DT,READ_COUNT,BOARD_CD,STATUS_CD,MEMBER_NO) values (381,'대표이미지확인용게시글입니다',to_date('21/12/27','RR/MM/DD'),16,10,1,223);
Insert into BOARD (BOARD_NO,BOARD_TITLE,CREATE_DT,READ_COUNT,BOARD_CD,STATUS_CD,MEMBER_NO) values (382,'강아지 좋은 보양식 알려드릴게요',to_date('21/12/28','RR/MM/DD'),3,20,2,225);
Insert into BOARD (BOARD_NO,BOARD_TITLE,CREATE_DT,READ_COUNT,BOARD_CD,STATUS_CD,MEMBER_NO) values (383,'테스트',to_date('21/12/28','RR/MM/DD'),5,10,2,222);
Insert into BOARD (BOARD_NO,BOARD_TITLE,CREATE_DT,READ_COUNT,BOARD_CD,STATUS_CD,MEMBER_NO) values (384,null,to_date('21/12/28','RR/MM/DD'),0,100,1,232);
Insert into BOARD (BOARD_NO,BOARD_TITLE,CREATE_DT,READ_COUNT,BOARD_CD,STATUS_CD,MEMBER_NO) values (385,null,to_date('21/12/28','RR/MM/DD'),44,70,1,232);
Insert into BOARD (BOARD_NO,BOARD_TITLE,CREATE_DT,READ_COUNT,BOARD_CD,STATUS_CD,MEMBER_NO) values (386,'ㅁㄴㅇㅁㄴㅇ',to_date('21/12/28','RR/MM/DD'),0,10,2,222);
Insert into BOARD (BOARD_NO,BOARD_TITLE,CREATE_DT,READ_COUNT,BOARD_CD,STATUS_CD,MEMBER_NO) values (387,'테스트',to_date('21/12/28','RR/MM/DD'),1,20,1,225);
Insert into BOARD (BOARD_NO,BOARD_TITLE,CREATE_DT,READ_COUNT,BOARD_CD,STATUS_CD,MEMBER_NO) values (388,null,to_date('21/12/28','RR/MM/DD'),0,70,2,225);
Insert into BOARD (BOARD_NO,BOARD_TITLE,CREATE_DT,READ_COUNT,BOARD_CD,STATUS_CD,MEMBER_NO) values (389,'asdf',to_date('21/12/28','RR/MM/DD'),0,10,2,222);
Insert into BOARD (BOARD_NO,BOARD_TITLE,CREATE_DT,READ_COUNT,BOARD_CD,STATUS_CD,MEMBER_NO) values (390,'안녕하세요',to_date('21/12/28','RR/MM/DD'),3,20,1,225);
Insert into BOARD (BOARD_NO,BOARD_TITLE,CREATE_DT,READ_COUNT,BOARD_CD,STATUS_CD,MEMBER_NO) values (391,null,to_date('21/12/28','RR/MM/DD'),0,70,2,225);
Insert into BOARD (BOARD_NO,BOARD_TITLE,CREATE_DT,READ_COUNT,BOARD_CD,STATUS_CD,MEMBER_NO) values (392,'고양이 샌드위치',to_date('21/12/28','RR/MM/DD'),62,10,1,234);
Insert into BOARD (BOARD_NO,BOARD_TITLE,CREATE_DT,READ_COUNT,BOARD_CD,STATUS_CD,MEMBER_NO) values (393,null,to_date('21/12/28','RR/MM/DD'),0,100,1,234);
Insert into BOARD (BOARD_NO,BOARD_TITLE,CREATE_DT,READ_COUNT,BOARD_CD,STATUS_CD,MEMBER_NO) values (394,null,to_date('21/12/28','RR/MM/DD'),0,100,1,234);
Insert into BOARD (BOARD_NO,BOARD_TITLE,CREATE_DT,READ_COUNT,BOARD_CD,STATUS_CD,MEMBER_NO) values (395,null,to_date('21/12/28','RR/MM/DD'),0,100,1,241);
Insert into BOARD (BOARD_NO,BOARD_TITLE,CREATE_DT,READ_COUNT,BOARD_CD,STATUS_CD,MEMBER_NO) values (396,null,to_date('21/12/28','RR/MM/DD'),0,100,1,225);
Insert into BOARD (BOARD_NO,BOARD_TITLE,CREATE_DT,READ_COUNT,BOARD_CD,STATUS_CD,MEMBER_NO) values (397,null,to_date('21/12/28','RR/MM/DD'),5,70,1,237);
Insert into BOARD (BOARD_NO,BOARD_TITLE,CREATE_DT,READ_COUNT,BOARD_CD,STATUS_CD,MEMBER_NO) values (398,'안녕하세요',to_date('21/12/28','RR/MM/DD'),38,10,1,239);
Insert into BOARD (BOARD_NO,BOARD_TITLE,CREATE_DT,READ_COUNT,BOARD_CD,STATUS_CD,MEMBER_NO) values (399,null,to_date('21/12/28','RR/MM/DD'),0,100,1,225);
Insert into BOARD (BOARD_NO,BOARD_TITLE,CREATE_DT,READ_COUNT,BOARD_CD,STATUS_CD,MEMBER_NO) values (400,null,to_date('21/12/28','RR/MM/DD'),0,100,1,240);
Insert into BOARD (BOARD_NO,BOARD_TITLE,CREATE_DT,READ_COUNT,BOARD_CD,STATUS_CD,MEMBER_NO) values (401,null,to_date('21/12/28','RR/MM/DD'),0,100,1,240);
Insert into BOARD (BOARD_NO,BOARD_TITLE,CREATE_DT,READ_COUNT,BOARD_CD,STATUS_CD,MEMBER_NO) values (402,null,to_date('21/12/28','RR/MM/DD'),0,100,1,235);
Insert into BOARD (BOARD_NO,BOARD_TITLE,CREATE_DT,READ_COUNT,BOARD_CD,STATUS_CD,MEMBER_NO) values (403,null,to_date('21/12/28','RR/MM/DD'),0,100,1,235);
Insert into BOARD (BOARD_NO,BOARD_TITLE,CREATE_DT,READ_COUNT,BOARD_CD,STATUS_CD,MEMBER_NO) values (328,'출석합니다!',to_date('21/12/27','RR/MM/DD'),12,10,1,223);
Insert into BOARD (BOARD_NO,BOARD_TITLE,CREATE_DT,READ_COUNT,BOARD_CD,STATUS_CD,MEMBER_NO) values (329,'자유롭게 글을 씁니다',to_date('21/12/27','RR/MM/DD'),2,10,2,224);
Insert into BOARD (BOARD_NO,BOARD_TITLE,CREATE_DT,READ_COUNT,BOARD_CD,STATUS_CD,MEMBER_NO) values (330,null,to_date('21/12/27','RR/MM/DD'),13,70,1,222);
Insert into BOARD (BOARD_NO,BOARD_TITLE,CREATE_DT,READ_COUNT,BOARD_CD,STATUS_CD,MEMBER_NO) values (331,'노하우 입니다',to_date('21/12/27','RR/MM/DD'),3,20,2,224);
Insert into BOARD (BOARD_NO,BOARD_TITLE,CREATE_DT,READ_COUNT,BOARD_CD,STATUS_CD,MEMBER_NO) values (332,null,to_date('21/12/27','RR/MM/DD'),5,70,1,223);
Insert into BOARD (BOARD_NO,BOARD_TITLE,CREATE_DT,READ_COUNT,BOARD_CD,STATUS_CD,MEMBER_NO) values (334,'강아지 보호소 추천합니다',to_date('21/12/27','RR/MM/DD'),11,30,1,222);
Insert into BOARD (BOARD_NO,BOARD_TITLE,CREATE_DT,READ_COUNT,BOARD_CD,STATUS_CD,MEMBER_NO) values (335,null,to_date('21/12/27','RR/MM/DD'),2,70,1,223);
Insert into BOARD (BOARD_NO,BOARD_TITLE,CREATE_DT,READ_COUNT,BOARD_CD,STATUS_CD,MEMBER_NO) values (336,null,to_date('21/12/27','RR/MM/DD'),1,80,2,224);
Insert into BOARD (BOARD_NO,BOARD_TITLE,CREATE_DT,READ_COUNT,BOARD_CD,STATUS_CD,MEMBER_NO) values (337,null,to_date('21/12/27','RR/MM/DD'),1,80,1,222);
Insert into BOARD (BOARD_NO,BOARD_TITLE,CREATE_DT,READ_COUNT,BOARD_CD,STATUS_CD,MEMBER_NO) values (338,null,to_date('21/12/27','RR/MM/DD'),3,70,1,223);
Insert into BOARD (BOARD_NO,BOARD_TITLE,CREATE_DT,READ_COUNT,BOARD_CD,STATUS_CD,MEMBER_NO) values (339,null,to_date('21/12/27','RR/MM/DD'),2,70,1,223);
Insert into BOARD (BOARD_NO,BOARD_TITLE,CREATE_DT,READ_COUNT,BOARD_CD,STATUS_CD,MEMBER_NO) values (340,'안녕하세요',to_date('21/12/27','RR/MM/DD'),8,10,1,222);
Insert into BOARD (BOARD_NO,BOARD_TITLE,CREATE_DT,READ_COUNT,BOARD_CD,STATUS_CD,MEMBER_NO) values (341,null,to_date('21/12/27','RR/MM/DD'),13,70,1,223);
Insert into BOARD (BOARD_NO,BOARD_TITLE,CREATE_DT,READ_COUNT,BOARD_CD,STATUS_CD,MEMBER_NO) values (342,'안녕하세요!!',to_date('21/12/27','RR/MM/DD'),3,10,2,224);
Insert into BOARD (BOARD_NO,BOARD_TITLE,CREATE_DT,READ_COUNT,BOARD_CD,STATUS_CD,MEMBER_NO) values (343,'노하우 없을까요?',to_date('21/12/27','RR/MM/DD'),1,20,1,222);
Insert into BOARD (BOARD_NO,BOARD_TITLE,CREATE_DT,READ_COUNT,BOARD_CD,STATUS_CD,MEMBER_NO) values (344,null,to_date('21/12/27','RR/MM/DD'),5,70,1,223);
Insert into BOARD (BOARD_NO,BOARD_TITLE,CREATE_DT,READ_COUNT,BOARD_CD,STATUS_CD,MEMBER_NO) values (345,null,to_date('21/12/27','RR/MM/DD'),0,90,1,222);
Insert into BOARD (BOARD_NO,BOARD_TITLE,CREATE_DT,READ_COUNT,BOARD_CD,STATUS_CD,MEMBER_NO) values (346,'공지사항',to_date('21/12/27','RR/MM/DD'),7,110,1,222);
Insert into BOARD (BOARD_NO,BOARD_TITLE,CREATE_DT,READ_COUNT,BOARD_CD,STATUS_CD,MEMBER_NO) values (347,'오늘 날씨가',to_date('21/12/27','RR/MM/DD'),2,10,2,224);
Insert into BOARD (BOARD_NO,BOARD_TITLE,CREATE_DT,READ_COUNT,BOARD_CD,STATUS_CD,MEMBER_NO) values (348,null,to_date('21/12/27','RR/MM/DD'),14,70,1,225);
Insert into BOARD (BOARD_NO,BOARD_TITLE,CREATE_DT,READ_COUNT,BOARD_CD,STATUS_CD,MEMBER_NO) values (349,'지나갑니다~',to_date('21/12/27','RR/MM/DD'),13,10,1,225);
Insert into BOARD (BOARD_NO,BOARD_TITLE,CREATE_DT,READ_COUNT,BOARD_CD,STATUS_CD,MEMBER_NO) values (350,null,to_date('21/12/27','RR/MM/DD'),0,70,2,224);
Insert into BOARD (BOARD_NO,BOARD_TITLE,CREATE_DT,READ_COUNT,BOARD_CD,STATUS_CD,MEMBER_NO) values (351,'좋은 정보 있으면 공유해주세요...ㅠㅠ',to_date('21/12/27','RR/MM/DD'),23,20,1,225);
Insert into BOARD (BOARD_NO,BOARD_TITLE,CREATE_DT,READ_COUNT,BOARD_CD,STATUS_CD,MEMBER_NO) values (352,null,to_date('21/12/27','RR/MM/DD'),0,70,2,224);
Insert into BOARD (BOARD_NO,BOARD_TITLE,CREATE_DT,READ_COUNT,BOARD_CD,STATUS_CD,MEMBER_NO) values (353,null,to_date('21/12/27','RR/MM/DD'),3,70,1,221);
Insert into BOARD (BOARD_NO,BOARD_TITLE,CREATE_DT,READ_COUNT,BOARD_CD,STATUS_CD,MEMBER_NO) values (326,'자유게시판입니다',to_date('21/12/27','RR/MM/DD'),2,10,1,222);
Insert into BOARD (BOARD_NO,BOARD_TITLE,CREATE_DT,READ_COUNT,BOARD_CD,STATUS_CD,MEMBER_NO) values (327,'하하하',to_date('21/12/27','RR/MM/DD'),2,10,1,222);
Insert into BOARD (BOARD_NO,BOARD_TITLE,CREATE_DT,READ_COUNT,BOARD_CD,STATUS_CD,MEMBER_NO) values (354,null,to_date('21/12/27','RR/MM/DD'),0,90,2,224);
Insert into BOARD (BOARD_NO,BOARD_TITLE,CREATE_DT,READ_COUNT,BOARD_CD,STATUS_CD,MEMBER_NO) values (355,'고양이가 너무 물면 이렇게 해보세요',to_date('21/12/27','RR/MM/DD'),16,20,1,221);
Insert into BOARD (BOARD_NO,BOARD_TITLE,CREATE_DT,READ_COUNT,BOARD_CD,STATUS_CD,MEMBER_NO) values (356,'여기 추천드려요!',to_date('21/12/27','RR/MM/DD'),0,30,2,224);
Insert into BOARD (BOARD_NO,BOARD_TITLE,CREATE_DT,READ_COUNT,BOARD_CD,STATUS_CD,MEMBER_NO) values (357,null,to_date('21/12/27','RR/MM/DD'),3,80,1,225);
Insert into BOARD (BOARD_NO,BOARD_TITLE,CREATE_DT,READ_COUNT,BOARD_CD,STATUS_CD,MEMBER_NO) values (358,null,to_date('21/12/27','RR/MM/DD'),0,100,1,225);
Insert into BOARD (BOARD_NO,BOARD_TITLE,CREATE_DT,READ_COUNT,BOARD_CD,STATUS_CD,MEMBER_NO) values (359,null,to_date('21/12/27','RR/MM/DD'),0,100,1,222);
Insert into BOARD (BOARD_NO,BOARD_TITLE,CREATE_DT,READ_COUNT,BOARD_CD,STATUS_CD,MEMBER_NO) values (360,null,to_date('21/12/27','RR/MM/DD'),0,100,1,224);
Insert into BOARD (BOARD_NO,BOARD_TITLE,CREATE_DT,READ_COUNT,BOARD_CD,STATUS_CD,MEMBER_NO) values (361,'안녕하세요 가입하고 처음 인사드려요',to_date('21/12/27','RR/MM/DD'),10,10,1,221);
Insert into BOARD (BOARD_NO,BOARD_TITLE,CREATE_DT,READ_COUNT,BOARD_CD,STATUS_CD,MEMBER_NO) values (362,null,to_date('21/12/27','RR/MM/DD'),0,90,1,225);
commit;
REM INSERTING into BOARD_CODE
SET DEFINE OFF;
Insert into BOARD_CODE (BOARD_CD,BOARD_NAME) values (10,'자유게시판');
Insert into BOARD_CODE (BOARD_CD,BOARD_NAME) values (20,'노하우 게시판');
Insert into BOARD_CODE (BOARD_CD,BOARD_NAME) values (30,'유기동물 보호소');
Insert into BOARD_CODE (BOARD_CD,BOARD_NAME) values (40,'문의하기');
Insert into BOARD_CODE (BOARD_CD,BOARD_NAME) values (50,'자주하는 질문');
Insert into BOARD_CODE (BOARD_CD,BOARD_NAME) values (60,'이벤트');
Insert into BOARD_CODE (BOARD_CD,BOARD_NAME) values (70,'자랑하기');
Insert into BOARD_CODE (BOARD_CD,BOARD_NAME) values (80,'유기동물 신고');
Insert into BOARD_CODE (BOARD_CD,BOARD_NAME) values (90,'아이들 근황');
Insert into BOARD_CODE (BOARD_CD,BOARD_NAME) values (100,'산책일지');
Insert into BOARD_CODE (BOARD_CD,BOARD_NAME) values (110,'공지사항');
commit;
REM INSERTING into BOARD_PIC
SET DEFINE OFF;
Insert into BOARD_PIC (BOARD_PIC_NO,BOARD_PIC_PATH,BOARD_PIC_NM,BOARD_PIC_ORIGINAL,BOARD_PIC_LEVEL,BOARD_NO) values (224,'/resources/images/board/20211227184042_91144.gif',null,null,null,326);
Insert into BOARD_PIC (BOARD_PIC_NO,BOARD_PIC_PATH,BOARD_PIC_NM,BOARD_PIC_ORIGINAL,BOARD_PIC_LEVEL,BOARD_NO) values (225,'/resources/images/board/20211227184213_70194.gif',null,null,null,327);
Insert into BOARD_PIC (BOARD_PIC_NO,BOARD_PIC_PATH,BOARD_PIC_NM,BOARD_PIC_ORIGINAL,BOARD_PIC_LEVEL,BOARD_NO) values (226,'/resources/images/board/20211227185529_45089.gif',null,null,null,328);
Insert into BOARD_PIC (BOARD_PIC_NO,BOARD_PIC_PATH,BOARD_PIC_NM,BOARD_PIC_ORIGINAL,BOARD_PIC_LEVEL,BOARD_NO) values (227,'/resources/images/board/20211227194531_82920.JPG',null,null,null,329);
Insert into BOARD_PIC (BOARD_PIC_NO,BOARD_PIC_PATH,BOARD_PIC_NM,BOARD_PIC_ORIGINAL,BOARD_PIC_LEVEL,BOARD_NO) values (307,'/resources/images/board/','20211228115816_01935.PNG','3.PNG',0,385);
Insert into BOARD_PIC (BOARD_PIC_NO,BOARD_PIC_PATH,BOARD_PIC_NM,BOARD_PIC_ORIGINAL,BOARD_PIC_LEVEL,BOARD_NO) values (229,'/resources/images/board/20211227194630_82841.JPG',null,null,null,331);
Insert into BOARD_PIC (BOARD_PIC_NO,BOARD_PIC_PATH,BOARD_PIC_NM,BOARD_PIC_ORIGINAL,BOARD_PIC_LEVEL,BOARD_NO) values (230,'/resources/images/board/','20211227185812_38487.jfif','2.jfif',0,332);
Insert into BOARD_PIC (BOARD_PIC_NO,BOARD_PIC_PATH,BOARD_PIC_NM,BOARD_PIC_ORIGINAL,BOARD_PIC_LEVEL,BOARD_NO) values (231,'/resources/images/board/','20211227185812_82253.jfif','3.jfif',3,332);
Insert into BOARD_PIC (BOARD_PIC_NO,BOARD_PIC_PATH,BOARD_PIC_NM,BOARD_PIC_ORIGINAL,BOARD_PIC_LEVEL,BOARD_NO) values (232,'/resources/images/board/','20211227185812_72039.jfif','1.jfif',1,332);
Insert into BOARD_PIC (BOARD_PIC_NO,BOARD_PIC_PATH,BOARD_PIC_NM,BOARD_PIC_ORIGINAL,BOARD_PIC_LEVEL,BOARD_NO) values (304,null,null,null,null,387);
Insert into BOARD_PIC (BOARD_PIC_NO,BOARD_PIC_PATH,BOARD_PIC_NM,BOARD_PIC_ORIGINAL,BOARD_PIC_LEVEL,BOARD_NO) values (234,'/resources/images/board/20211227185859_03595.png',null,null,null,334);
Insert into BOARD_PIC (BOARD_PIC_NO,BOARD_PIC_PATH,BOARD_PIC_NM,BOARD_PIC_ORIGINAL,BOARD_PIC_LEVEL,BOARD_NO) values (235,'/resources/images/board/','20211227190008_74145.jfif','c.jfif',0,335);
Insert into BOARD_PIC (BOARD_PIC_NO,BOARD_PIC_PATH,BOARD_PIC_NM,BOARD_PIC_ORIGINAL,BOARD_PIC_LEVEL,BOARD_NO) values (236,'/resources/images/board/','20211227190008_64798.jfif','d.jfif',4,335);
Insert into BOARD_PIC (BOARD_PIC_NO,BOARD_PIC_PATH,BOARD_PIC_NM,BOARD_PIC_ORIGINAL,BOARD_PIC_LEVEL,BOARD_NO) values (237,'/resources/images/board/','20211227190008_36873.jfif','b.jfif',2,335);
Insert into BOARD_PIC (BOARD_PIC_NO,BOARD_PIC_PATH,BOARD_PIC_NM,BOARD_PIC_ORIGINAL,BOARD_PIC_LEVEL,BOARD_NO) values (238,'/resources/images/board/','20211227190008_99204.jfif','a.jfif',1,335);
Insert into BOARD_PIC (BOARD_PIC_NO,BOARD_PIC_PATH,BOARD_PIC_NM,BOARD_PIC_ORIGINAL,BOARD_PIC_LEVEL,BOARD_NO) values (239,'/resources/images/board/','20211227190008_13152.jpg','dogimage2.jpg',0,336);
Insert into BOARD_PIC (BOARD_PIC_NO,BOARD_PIC_PATH,BOARD_PIC_NM,BOARD_PIC_ORIGINAL,BOARD_PIC_LEVEL,BOARD_NO) values (240,'/resources/images/board/','20211227190125_46865.jpg','ZA.26979286.1-1200x.jpg',0,337);
Insert into BOARD_PIC (BOARD_PIC_NO,BOARD_PIC_PATH,BOARD_PIC_NM,BOARD_PIC_ORIGINAL,BOARD_PIC_LEVEL,BOARD_NO) values (241,'/resources/images/board/','20211227190143_17339.jfif','b.jfif',0,338);
Insert into BOARD_PIC (BOARD_PIC_NO,BOARD_PIC_PATH,BOARD_PIC_NM,BOARD_PIC_ORIGINAL,BOARD_PIC_LEVEL,BOARD_NO) values (242,'/resources/images/board/','20211227190143_71236.jfif','1.jfif',2,338);
Insert into BOARD_PIC (BOARD_PIC_NO,BOARD_PIC_PATH,BOARD_PIC_NM,BOARD_PIC_ORIGINAL,BOARD_PIC_LEVEL,BOARD_NO) values (243,'/resources/images/board/','20211227190143_56534.jfif','c.jfif',1,338);
Insert into BOARD_PIC (BOARD_PIC_NO,BOARD_PIC_PATH,BOARD_PIC_NM,BOARD_PIC_ORIGINAL,BOARD_PIC_LEVEL,BOARD_NO) values (244,'/resources/images/board/','20211227190216_00970.jpg','qwe.jpg',0,339);
Insert into BOARD_PIC (BOARD_PIC_NO,BOARD_PIC_PATH,BOARD_PIC_NM,BOARD_PIC_ORIGINAL,BOARD_PIC_LEVEL,BOARD_NO) values (245,'/resources/images/board/','20211227190216_00331.jfif','c.jfif',4,339);
Insert into BOARD_PIC (BOARD_PIC_NO,BOARD_PIC_PATH,BOARD_PIC_NM,BOARD_PIC_ORIGINAL,BOARD_PIC_LEVEL,BOARD_NO) values (246,'/resources/images/board/','20211227190216_94642.jfif','d.jfif',3,339);
Insert into BOARD_PIC (BOARD_PIC_NO,BOARD_PIC_PATH,BOARD_PIC_NM,BOARD_PIC_ORIGINAL,BOARD_PIC_LEVEL,BOARD_NO) values (247,'/resources/images/board/','20211227190216_84228.jfif','2.jfif',2,339);
Insert into BOARD_PIC (BOARD_PIC_NO,BOARD_PIC_PATH,BOARD_PIC_NM,BOARD_PIC_ORIGINAL,BOARD_PIC_LEVEL,BOARD_NO) values (248,'/resources/images/board/','20211227190216_99710.jfif','a.jfif',1,339);
Insert into BOARD_PIC (BOARD_PIC_NO,BOARD_PIC_PATH,BOARD_PIC_NM,BOARD_PIC_ORIGINAL,BOARD_PIC_LEVEL,BOARD_NO) values (249,'/resources/images/board/20211227190237_28486.jfif',null,null,null,340);
Insert into BOARD_PIC (BOARD_PIC_NO,BOARD_PIC_PATH,BOARD_PIC_NM,BOARD_PIC_ORIGINAL,BOARD_PIC_LEVEL,BOARD_NO) values (250,'/resources/images/board/','20211227190252_47815.jfif','a.jfif',0,341);
Insert into BOARD_PIC (BOARD_PIC_NO,BOARD_PIC_PATH,BOARD_PIC_NM,BOARD_PIC_ORIGINAL,BOARD_PIC_LEVEL,BOARD_NO) values (251,'/resources/images/board/','20211227190252_99485.jpg','123132.jpg',1,341);
Insert into BOARD_PIC (BOARD_PIC_NO,BOARD_PIC_PATH,BOARD_PIC_NM,BOARD_PIC_ORIGINAL,BOARD_PIC_LEVEL,BOARD_NO) values (252,'/resources/images/board/20211227194506_52997.jpg',null,null,null,342);
Insert into BOARD_PIC (BOARD_PIC_NO,BOARD_PIC_PATH,BOARD_PIC_NM,BOARD_PIC_ORIGINAL,BOARD_PIC_LEVEL,BOARD_NO) values (253,null,null,null,null,343);
Insert into BOARD_PIC (BOARD_PIC_NO,BOARD_PIC_PATH,BOARD_PIC_NM,BOARD_PIC_ORIGINAL,BOARD_PIC_LEVEL,BOARD_NO) values (254,'/resources/images/board/','20211227190341_55270.jfif','d.jfif',0,344);
Insert into BOARD_PIC (BOARD_PIC_NO,BOARD_PIC_PATH,BOARD_PIC_NM,BOARD_PIC_ORIGINAL,BOARD_PIC_LEVEL,BOARD_NO) values (255,'/resources/images/board/','20211227190341_20682.jfif','zxc.jfif',2,344);
Insert into BOARD_PIC (BOARD_PIC_NO,BOARD_PIC_PATH,BOARD_PIC_NM,BOARD_PIC_ORIGINAL,BOARD_PIC_LEVEL,BOARD_NO) values (256,'/resources/images/board/','20211227190341_61592.gif','qwe123.gif',1,344);
Insert into BOARD_PIC (BOARD_PIC_NO,BOARD_PIC_PATH,BOARD_PIC_NM,BOARD_PIC_ORIGINAL,BOARD_PIC_LEVEL,BOARD_NO) values (257,'/resources/images/board/','20211227190417_83591.jfif','images (1).jfif',0,345);
Insert into BOARD_PIC (BOARD_PIC_NO,BOARD_PIC_PATH,BOARD_PIC_NM,BOARD_PIC_ORIGINAL,BOARD_PIC_LEVEL,BOARD_NO) values (258,null,null,null,null,346);
Insert into BOARD_PIC (BOARD_PIC_NO,BOARD_PIC_PATH,BOARD_PIC_NM,BOARD_PIC_ORIGINAL,BOARD_PIC_LEVEL,BOARD_NO) values (259,'/resources/images/board/20211227194553_52585.jpg',null,null,null,347);
Insert into BOARD_PIC (BOARD_PIC_NO,BOARD_PIC_PATH,BOARD_PIC_NM,BOARD_PIC_ORIGINAL,BOARD_PIC_LEVEL,BOARD_NO) values (260,'/resources/images/board/','20211227190547_17986.jfif','1.jfif',0,348);
Insert into BOARD_PIC (BOARD_PIC_NO,BOARD_PIC_PATH,BOARD_PIC_NM,BOARD_PIC_ORIGINAL,BOARD_PIC_LEVEL,BOARD_NO) values (261,'/resources/images/board/20211227190649_36487.jfif',null,null,null,349);
Insert into BOARD_PIC (BOARD_PIC_NO,BOARD_PIC_PATH,BOARD_PIC_NM,BOARD_PIC_ORIGINAL,BOARD_PIC_LEVEL,BOARD_NO) values (270,'/resources/images/board/','20211227190839_32051.jpg','dog2.jpg',0,353);
Insert into BOARD_PIC (BOARD_PIC_NO,BOARD_PIC_PATH,BOARD_PIC_NM,BOARD_PIC_ORIGINAL,BOARD_PIC_LEVEL,BOARD_NO) values (271,'/resources/images/board/','20211227190850_96622.jpg','dogimage2.jpg',0,354);
Insert into BOARD_PIC (BOARD_PIC_NO,BOARD_PIC_PATH,BOARD_PIC_NM,BOARD_PIC_ORIGINAL,BOARD_PIC_LEVEL,BOARD_NO) values (272,null,null,null,null,355);
Insert into BOARD_PIC (BOARD_PIC_NO,BOARD_PIC_PATH,BOARD_PIC_NM,BOARD_PIC_ORIGINAL,BOARD_PIC_LEVEL,BOARD_NO) values (265,'/resources/images/board/','20211227190724_44332.jpg',null,0,350);
Insert into BOARD_PIC (BOARD_PIC_NO,BOARD_PIC_PATH,BOARD_PIC_NM,BOARD_PIC_ORIGINAL,BOARD_PIC_LEVEL,BOARD_NO) values (266,'/resources/images/board/','20211227190724_07224.JPG',null,2,350);
Insert into BOARD_PIC (BOARD_PIC_NO,BOARD_PIC_PATH,BOARD_PIC_NM,BOARD_PIC_ORIGINAL,BOARD_PIC_LEVEL,BOARD_NO) values (267,'/resources/images/board/','20211227190724_94760.JPG',null,1,350);
Insert into BOARD_PIC (BOARD_PIC_NO,BOARD_PIC_PATH,BOARD_PIC_NM,BOARD_PIC_ORIGINAL,BOARD_PIC_LEVEL,BOARD_NO) values (268,'/resources/images/board/20211227190754_30561.jfif',null,null,null,351);
Insert into BOARD_PIC (BOARD_PIC_NO,BOARD_PIC_PATH,BOARD_PIC_NM,BOARD_PIC_ORIGINAL,BOARD_PIC_LEVEL,BOARD_NO) values (269,'/resources/images/board/','20211227190810_18304.JPG','dogimage1.JPG',0,352);
Insert into BOARD_PIC (BOARD_PIC_NO,BOARD_PIC_PATH,BOARD_PIC_NM,BOARD_PIC_ORIGINAL,BOARD_PIC_LEVEL,BOARD_NO) values (273,'/resources/images/board/20211227194710_01853.jpg',null,null,null,356);
Insert into BOARD_PIC (BOARD_PIC_NO,BOARD_PIC_PATH,BOARD_PIC_NM,BOARD_PIC_ORIGINAL,BOARD_PIC_LEVEL,BOARD_NO) values (274,'/resources/images/board/','20211227191007_90343.jfif','c.jfif',0,357);
Insert into BOARD_PIC (BOARD_PIC_NO,BOARD_PIC_PATH,BOARD_PIC_NM,BOARD_PIC_ORIGINAL,BOARD_PIC_LEVEL,BOARD_NO) values (275,null,null,null,null,361);
Insert into BOARD_PIC (BOARD_PIC_NO,BOARD_PIC_PATH,BOARD_PIC_NM,BOARD_PIC_ORIGINAL,BOARD_PIC_LEVEL,BOARD_NO) values (276,'/resources/images/board/','20211227191110_76537.jfif','a.jfif',0,362);
Insert into BOARD_PIC (BOARD_PIC_NO,BOARD_PIC_PATH,BOARD_PIC_NM,BOARD_PIC_ORIGINAL,BOARD_PIC_LEVEL,BOARD_NO) values (277,'/resources/images/board/','20211227191110_10317.jfif','2.jfif',1,362);
Insert into BOARD_PIC (BOARD_PIC_NO,BOARD_PIC_PATH,BOARD_PIC_NM,BOARD_PIC_ORIGINAL,BOARD_PIC_LEVEL,BOARD_NO) values (278,'/resources/images/board/20211227191742_17087.jpg',null,null,null,363);
Insert into BOARD_PIC (BOARD_PIC_NO,BOARD_PIC_PATH,BOARD_PIC_NM,BOARD_PIC_ORIGINAL,BOARD_PIC_LEVEL,BOARD_NO) values (279,'/resources/images/board/','20211227191858_27079.jfif','x.jfif',0,364);
Insert into BOARD_PIC (BOARD_PIC_NO,BOARD_PIC_PATH,BOARD_PIC_NM,BOARD_PIC_ORIGINAL,BOARD_PIC_LEVEL,BOARD_NO) values (280,'/resources/images/board/','20211227191858_77946.jfif','z.jfif',1,364);
Insert into BOARD_PIC (BOARD_PIC_NO,BOARD_PIC_PATH,BOARD_PIC_NM,BOARD_PIC_ORIGINAL,BOARD_PIC_LEVEL,BOARD_NO) values (281,'/resources/images/board/','20211227192327_61702.jfif','c.jfif',0,365);
Insert into BOARD_PIC (BOARD_PIC_NO,BOARD_PIC_PATH,BOARD_PIC_NM,BOARD_PIC_ORIGINAL,BOARD_PIC_LEVEL,BOARD_NO) values (282,'/resources/images/board/','20211227192327_68064.jpg','123132.jpg',1,365);
Insert into BOARD_PIC (BOARD_PIC_NO,BOARD_PIC_PATH,BOARD_PIC_NM,BOARD_PIC_ORIGINAL,BOARD_PIC_LEVEL,BOARD_NO) values (283,'/resources/images/board/','20211227192400_59241.jpg','qwe.jpg',0,366);
Insert into BOARD_PIC (BOARD_PIC_NO,BOARD_PIC_PATH,BOARD_PIC_NM,BOARD_PIC_ORIGINAL,BOARD_PIC_LEVEL,BOARD_NO) values (284,'/resources/images/board/','20211227192420_78889.jfif','zxc.jfif',0,367);
Insert into BOARD_PIC (BOARD_PIC_NO,BOARD_PIC_PATH,BOARD_PIC_NM,BOARD_PIC_ORIGINAL,BOARD_PIC_LEVEL,BOARD_NO) values (285,'/resources/images/board/','20211227192605_45573.jfif','z.jfif',0,368);
Insert into BOARD_PIC (BOARD_PIC_NO,BOARD_PIC_PATH,BOARD_PIC_NM,BOARD_PIC_ORIGINAL,BOARD_PIC_LEVEL,BOARD_NO) values (286,'/resources/images/board/','20211227192605_50198.jfif','1.jfif',1,368);
Insert into BOARD_PIC (BOARD_PIC_NO,BOARD_PIC_PATH,BOARD_PIC_NM,BOARD_PIC_ORIGINAL,BOARD_PIC_LEVEL,BOARD_NO) values (287,'/resources/images/board/','20211227192636_46752.jpg','cat1.jpg',0,369);
Insert into BOARD_PIC (BOARD_PIC_NO,BOARD_PIC_PATH,BOARD_PIC_NM,BOARD_PIC_ORIGINAL,BOARD_PIC_LEVEL,BOARD_NO) values (288,null,null,null,null,370);
Insert into BOARD_PIC (BOARD_PIC_NO,BOARD_PIC_PATH,BOARD_PIC_NM,BOARD_PIC_ORIGINAL,BOARD_PIC_LEVEL,BOARD_NO) values (289,'/resources/images/board/','20211227192812_10605.jfif','5.jfif',0,371);
Insert into BOARD_PIC (BOARD_PIC_NO,BOARD_PIC_PATH,BOARD_PIC_NM,BOARD_PIC_ORIGINAL,BOARD_PIC_LEVEL,BOARD_NO) values (290,'/resources/images/board/','20211227192903_52429.jfif','7.jfif',0,372);
Insert into BOARD_PIC (BOARD_PIC_NO,BOARD_PIC_PATH,BOARD_PIC_NM,BOARD_PIC_ORIGINAL,BOARD_PIC_LEVEL,BOARD_NO) values (291,'https://web-wit.s3.ap-northeast-2.amazonaws.com/images/story/358/story_1637237352.gif',null,null,null,373);
Insert into BOARD_PIC (BOARD_PIC_NO,BOARD_PIC_PATH,BOARD_PIC_NM,BOARD_PIC_ORIGINAL,BOARD_PIC_LEVEL,BOARD_NO) values (292,'/resources/images/board/20211227193013_97839.gif',null,null,null,374);
Insert into BOARD_PIC (BOARD_PIC_NO,BOARD_PIC_PATH,BOARD_PIC_NM,BOARD_PIC_ORIGINAL,BOARD_PIC_LEVEL,BOARD_NO) values (293,'/resources/images/board/','20211227193058_86133.jfif','88.jfif',0,375);
Insert into BOARD_PIC (BOARD_PIC_NO,BOARD_PIC_PATH,BOARD_PIC_NM,BOARD_PIC_ORIGINAL,BOARD_PIC_LEVEL,BOARD_NO) values (294,'/resources/images/board/20211227193218_47682.png',null,null,null,376);
Insert into BOARD_PIC (BOARD_PIC_NO,BOARD_PIC_PATH,BOARD_PIC_NM,BOARD_PIC_ORIGINAL,BOARD_PIC_LEVEL,BOARD_NO) values (295,'/resources/images/board/','20211227193233_13656.jpg','1q2w.jpg',0,377);
Insert into BOARD_PIC (BOARD_PIC_NO,BOARD_PIC_PATH,BOARD_PIC_NM,BOARD_PIC_ORIGINAL,BOARD_PIC_LEVEL,BOARD_NO) values (296,'/resources/images/board/','20211227200657_47562.jpg','dog1.jpg',0,378);
Insert into BOARD_PIC (BOARD_PIC_NO,BOARD_PIC_PATH,BOARD_PIC_NM,BOARD_PIC_ORIGINAL,BOARD_PIC_LEVEL,BOARD_NO) values (297,'/resources/images/board/','20211227200742_70992.jpg','봉국1.jpg',0,379);
Insert into BOARD_PIC (BOARD_PIC_NO,BOARD_PIC_PATH,BOARD_PIC_NM,BOARD_PIC_ORIGINAL,BOARD_PIC_LEVEL,BOARD_NO) values (298,null,null,null,null,380);
Insert into BOARD_PIC (BOARD_PIC_NO,BOARD_PIC_PATH,BOARD_PIC_NM,BOARD_PIC_ORIGINAL,BOARD_PIC_LEVEL,BOARD_NO) values (299,null,null,null,null,381);
Insert into BOARD_PIC (BOARD_PIC_NO,BOARD_PIC_PATH,BOARD_PIC_NM,BOARD_PIC_ORIGINAL,BOARD_PIC_LEVEL,BOARD_NO) values (300,null,null,null,null,382);
Insert into BOARD_PIC (BOARD_PIC_NO,BOARD_PIC_PATH,BOARD_PIC_NM,BOARD_PIC_ORIGINAL,BOARD_PIC_LEVEL,BOARD_NO) values (301,'/resources/images/board/20211228094644_59073.jfif',null,null,null,383);
Insert into BOARD_PIC (BOARD_PIC_NO,BOARD_PIC_PATH,BOARD_PIC_NM,BOARD_PIC_ORIGINAL,BOARD_PIC_LEVEL,BOARD_NO) values (310,null,null,null,null,390);
Insert into BOARD_PIC (BOARD_PIC_NO,BOARD_PIC_PATH,BOARD_PIC_NM,BOARD_PIC_ORIGINAL,BOARD_PIC_LEVEL,BOARD_NO) values (303,null,null,null,null,386);
Insert into BOARD_PIC (BOARD_PIC_NO,BOARD_PIC_PATH,BOARD_PIC_NM,BOARD_PIC_ORIGINAL,BOARD_PIC_LEVEL,BOARD_NO) values (305,'/resources/images/board/','20211227185736_02706.PNG',null,1,330);
Insert into BOARD_PIC (BOARD_PIC_NO,BOARD_PIC_PATH,BOARD_PIC_NM,BOARD_PIC_ORIGINAL,BOARD_PIC_LEVEL,BOARD_NO) values (306,'/resources/images/board/','20211228114043_68177.jfif','다운로드.jfif',0,330);
Insert into BOARD_PIC (BOARD_PIC_NO,BOARD_PIC_PATH,BOARD_PIC_NM,BOARD_PIC_ORIGINAL,BOARD_PIC_LEVEL,BOARD_NO) values (308,'/resources/images/board/','20211228123435_84045.png','KakaoTalk_20211228_114439771.png',0,388);
Insert into BOARD_PIC (BOARD_PIC_NO,BOARD_PIC_PATH,BOARD_PIC_NM,BOARD_PIC_ORIGINAL,BOARD_PIC_LEVEL,BOARD_NO) values (309,null,null,null,null,389);
Insert into BOARD_PIC (BOARD_PIC_NO,BOARD_PIC_PATH,BOARD_PIC_NM,BOARD_PIC_ORIGINAL,BOARD_PIC_LEVEL,BOARD_NO) values (322,null,null,null,null,398);
Insert into BOARD_PIC (BOARD_PIC_NO,BOARD_PIC_PATH,BOARD_PIC_NM,BOARD_PIC_ORIGINAL,BOARD_PIC_LEVEL,BOARD_NO) values (312,'/resources/images/board/','20211228143013_63404.PNG',null,1,391);
Insert into BOARD_PIC (BOARD_PIC_NO,BOARD_PIC_PATH,BOARD_PIC_NM,BOARD_PIC_ORIGINAL,BOARD_PIC_LEVEL,BOARD_NO) values (313,'/resources/images/board/','20211228143047_85813.PNG','3.PNG',0,391);
Insert into BOARD_PIC (BOARD_PIC_NO,BOARD_PIC_PATH,BOARD_PIC_NM,BOARD_PIC_ORIGINAL,BOARD_PIC_LEVEL,BOARD_NO) values (314,'/resources/images/board/20211228150518_33314.PNG',null,null,null,392);
Insert into BOARD_PIC (BOARD_PIC_NO,BOARD_PIC_PATH,BOARD_PIC_NM,BOARD_PIC_ORIGINAL,BOARD_PIC_LEVEL,BOARD_NO) values (321,'/resources/images/board/','20211228151114_51355.jpg','KakaoTalk_20211228_151015782.jpg',0,397);
Insert into BOARD_PIC (BOARD_PIC_NO,BOARD_PIC_PATH,BOARD_PIC_NM,BOARD_PIC_ORIGINAL,BOARD_PIC_LEVEL,BOARD_NO) values (323,null,null,null,null,407);
Insert into BOARD_PIC (BOARD_PIC_NO,BOARD_PIC_PATH,BOARD_PIC_NM,BOARD_PIC_ORIGINAL,BOARD_PIC_LEVEL,BOARD_NO) values (324,null,null,null,null,410);
Insert into BOARD_PIC (BOARD_PIC_NO,BOARD_PIC_PATH,BOARD_PIC_NM,BOARD_PIC_ORIGINAL,BOARD_PIC_LEVEL,BOARD_NO) values (325,'/resources/images/board/20211228151417_08998.jpg',null,null,null,411);
Insert into BOARD_PIC (BOARD_PIC_NO,BOARD_PIC_PATH,BOARD_PIC_NM,BOARD_PIC_ORIGINAL,BOARD_PIC_LEVEL,BOARD_NO) values (326,'/resources/images/board/','20211228151614_05401.png','loopy.png',0,415);
Insert into BOARD_PIC (BOARD_PIC_NO,BOARD_PIC_PATH,BOARD_PIC_NM,BOARD_PIC_ORIGINAL,BOARD_PIC_LEVEL,BOARD_NO) values (327,'/resources/images/board/20211228151725_37279.JPG',null,null,null,416);
Insert into BOARD_PIC (BOARD_PIC_NO,BOARD_PIC_PATH,BOARD_PIC_NM,BOARD_PIC_ORIGINAL,BOARD_PIC_LEVEL,BOARD_NO) values (328,'/resources/images/board/20211228151810_93377.PNG',null,null,null,417);
Insert into BOARD_PIC (BOARD_PIC_NO,BOARD_PIC_PATH,BOARD_PIC_NM,BOARD_PIC_ORIGINAL,BOARD_PIC_LEVEL,BOARD_NO) values (333,'/resources/images/board/','20211228151934_47861.PNG',null,4,418);
Insert into BOARD_PIC (BOARD_PIC_NO,BOARD_PIC_PATH,BOARD_PIC_NM,BOARD_PIC_ORIGINAL,BOARD_PIC_LEVEL,BOARD_NO) values (334,'/resources/images/board/','20211228151934_05533.PNG',null,3,418);
Insert into BOARD_PIC (BOARD_PIC_NO,BOARD_PIC_PATH,BOARD_PIC_NM,BOARD_PIC_ORIGINAL,BOARD_PIC_LEVEL,BOARD_NO) values (335,'/resources/images/board/','20211228151934_04626.PNG',null,2,418);
Insert into BOARD_PIC (BOARD_PIC_NO,BOARD_PIC_PATH,BOARD_PIC_NM,BOARD_PIC_ORIGINAL,BOARD_PIC_LEVEL,BOARD_NO) values (336,'/resources/images/board/','20211228151934_13676.PNG',null,1,418);
Insert into BOARD_PIC (BOARD_PIC_NO,BOARD_PIC_PATH,BOARD_PIC_NM,BOARD_PIC_ORIGINAL,BOARD_PIC_LEVEL,BOARD_NO) values (337,'/resources/images/board/','20211228152000_76884.PNG','캡처.PNG',0,418);
Insert into BOARD_PIC (BOARD_PIC_NO,BOARD_PIC_PATH,BOARD_PIC_NM,BOARD_PIC_ORIGINAL,BOARD_PIC_LEVEL,BOARD_NO) values (338,'/resources/images/board/','20211228152100_77714.jpg','KakaoTalk_20211228_152022809.jpg',0,419);
Insert into BOARD_PIC (BOARD_PIC_NO,BOARD_PIC_PATH,BOARD_PIC_NM,BOARD_PIC_ORIGINAL,BOARD_PIC_LEVEL,BOARD_NO) values (339,'/resources/images/board/','20211228152100_80544.jpg','KakaoTalk_20211228_152022809_01.jpg',1,419);
Insert into BOARD_PIC (BOARD_PIC_NO,BOARD_PIC_PATH,BOARD_PIC_NM,BOARD_PIC_ORIGINAL,BOARD_PIC_LEVEL,BOARD_NO) values (340,null,null,null,null,420);
commit;
REM INSERTING into "LIKE"
SET DEFINE OFF;
Insert into "LIKE" (MEMBER_NO,BOARD_NO) values (222,349);
Insert into "LIKE" (MEMBER_NO,BOARD_NO) values (222,361);
Insert into "LIKE" (MEMBER_NO,BOARD_NO) values (222,369);
Insert into "LIKE" (MEMBER_NO,BOARD_NO) values (222,379);
Insert into "LIKE" (MEMBER_NO,BOARD_NO) values (222,385);
Insert into "LIKE" (MEMBER_NO,BOARD_NO) values (224,328);
Insert into "LIKE" (MEMBER_NO,BOARD_NO) values (224,341);
Insert into "LIKE" (MEMBER_NO,BOARD_NO) values (224,344);
Insert into "LIKE" (MEMBER_NO,BOARD_NO) values (224,349);
Insert into "LIKE" (MEMBER_NO,BOARD_NO) values (224,363);
Insert into "LIKE" (MEMBER_NO,BOARD_NO) values (224,374);
Insert into "LIKE" (MEMBER_NO,BOARD_NO) values (225,326);
Insert into "LIKE" (MEMBER_NO,BOARD_NO) values (225,328);
Insert into "LIKE" (MEMBER_NO,BOARD_NO) values (225,330);
Insert into "LIKE" (MEMBER_NO,BOARD_NO) values (225,332);
Insert into "LIKE" (MEMBER_NO,BOARD_NO) values (225,334);
Insert into "LIKE" (MEMBER_NO,BOARD_NO) values (225,338);
Insert into "LIKE" (MEMBER_NO,BOARD_NO) values (225,340);
Insert into "LIKE" (MEMBER_NO,BOARD_NO) values (225,341);
Insert into "LIKE" (MEMBER_NO,BOARD_NO) values (225,372);
Insert into "LIKE" (MEMBER_NO,BOARD_NO) values (225,374);
Insert into "LIKE" (MEMBER_NO,BOARD_NO) values (225,376);
Insert into "LIKE" (MEMBER_NO,BOARD_NO) values (225,381);
Insert into "LIKE" (MEMBER_NO,BOARD_NO) values (225,385);
Insert into "LIKE" (MEMBER_NO,BOARD_NO) values (230,374);
Insert into "LIKE" (MEMBER_NO,BOARD_NO) values (231,330);
Insert into "LIKE" (MEMBER_NO,BOARD_NO) values (231,379);
Insert into "LIKE" (MEMBER_NO,BOARD_NO) values (232,330);
Insert into "LIKE" (MEMBER_NO,BOARD_NO) values (234,374);
Insert into "LIKE" (MEMBER_NO,BOARD_NO) values (234,376);
Insert into "LIKE" (MEMBER_NO,BOARD_NO) values (234,380);
Insert into "LIKE" (MEMBER_NO,BOARD_NO) values (237,348);
Insert into "LIKE" (MEMBER_NO,BOARD_NO) values (237,351);
Insert into "LIKE" (MEMBER_NO,BOARD_NO) values (237,392);
Insert into "LIKE" (MEMBER_NO,BOARD_NO) values (237,410);
Insert into "LIKE" (MEMBER_NO,BOARD_NO) values (237,416);
Insert into "LIKE" (MEMBER_NO,BOARD_NO) values (238,332);
Insert into "LIKE" (MEMBER_NO,BOARD_NO) values (238,411);
Insert into "LIKE" (MEMBER_NO,BOARD_NO) values (242,330);
Insert into "LIKE" (MEMBER_NO,BOARD_NO) values (242,341);
Insert into "LIKE" (MEMBER_NO,BOARD_NO) values (242,355);
Insert into "LIKE" (MEMBER_NO,BOARD_NO) values (242,379);
Insert into "LIKE" (MEMBER_NO,BOARD_NO) values (242,385);
Insert into "LIKE" (MEMBER_NO,BOARD_NO) values (242,397);
Insert into "LIKE" (MEMBER_NO,BOARD_NO) values (242,411);
Insert into "LIKE" (MEMBER_NO,BOARD_NO) values (242,416);
Insert into "LIKE" (MEMBER_NO,BOARD_NO) values (242,418);
Insert into "LIKE" (MEMBER_NO,BOARD_NO) values (261,379);
Insert into "LIKE" (MEMBER_NO,BOARD_NO) values (261,410);
Insert into "LIKE" (MEMBER_NO,BOARD_NO) values (262,416);
commit;
REM INSERTING into MEMBER
SET DEFINE OFF;
Insert into MEMBER (MEMBER_NO,MEMBER_ID,MEMBER_PW,MEMBER_NM,MEMBER_EMAIL,ENROLL_DT,STATUS_CD,GRADE_CD,ANIMAL_PROFILE_IMG) values (223,'user01','z4PhNX7vuL3xVChQ1m2AB9Yg5AULVxXcg/SpIdNs6c5H0NE8XYXysP+DGNKHfuwvY7kxvUdBeoGlODJ6+SfaPg==','유저일','seosj0319@naver.com',to_date('21/12/27','RR/MM/DD'),1,100,'/resources/images/animalProfileImg/20211227232418_85093.jpg');
Insert into MEMBER (MEMBER_NO,MEMBER_ID,MEMBER_PW,MEMBER_NM,MEMBER_EMAIL,ENROLL_DT,STATUS_CD,GRADE_CD,ANIMAL_PROFILE_IMG) values (224,'qkrtkddn33','aNz6xeA3gBcT9keYsV/DIkByC3CjT3wW8b1bFpKmg2+sibY2q88VnbxxzVzoplODQf0opdLavDIaOmnQkMSU0w==','박상우','qkrtkddn77@naver.com',to_date('21/12/27','RR/MM/DD'),2,100,'/resources/images/animalProfileImg/20211227194435_77442.JPG');
Insert into MEMBER (MEMBER_NO,MEMBER_ID,MEMBER_PW,MEMBER_NM,MEMBER_EMAIL,ENROLL_DT,STATUS_CD,GRADE_CD,ANIMAL_PROFILE_IMG) values (225,'user02','Jj/sWIYUSarMHDKKSv9kr/TGLfSi1Qs/IH+om24kLJqneOeouu/++FtsptLn3Bb/CnYNWcE8I49rzcMvjOnMYg==','김사과','seosj0319@gmail.com',to_date('21/12/27','RR/MM/DD'),2,100,'/resources/images/animalProfileImg/20211228151313_03359.png');
Insert into MEMBER (MEMBER_NO,MEMBER_ID,MEMBER_PW,MEMBER_NM,MEMBER_EMAIL,ENROLL_DT,STATUS_CD,GRADE_CD,ANIMAL_PROFILE_IMG) values (226,'user11','XJwJk4mDGzRdbosMMUM+axJ2pUfw9ikOQhyJwY+Msj825YYzGj7nDVRhzW7zfuOHKOdxKjvV5rkmAYsgX/NlQA==','유저일일','6523340@naver.com',to_date('21/12/27','RR/MM/DD'),2,100,'/resources/images/main/basis-profile-img.png');
Insert into MEMBER (MEMBER_NO,MEMBER_ID,MEMBER_PW,MEMBER_NM,MEMBER_EMAIL,ENROLL_DT,STATUS_CD,GRADE_CD,ANIMAL_PROFILE_IMG) values (227,'user11','Jj/sWIYUSarMHDKKSv9kr/TGLfSi1Qs/IH+om24kLJqneOeouu/++FtsptLn3Bb/CnYNWcE8I49rzcMvjOnMYg==','유저일','6523340@naver.com',to_date('21/12/27','RR/MM/DD'),2,100,'/resources/images/main/basis-profile-img.png');
Insert into MEMBER (MEMBER_NO,MEMBER_ID,MEMBER_PW,MEMBER_NM,MEMBER_EMAIL,ENROLL_DT,STATUS_CD,GRADE_CD,ANIMAL_PROFILE_IMG) values (228,'user53','Jj/sWIYUSarMHDKKSv9kr/TGLfSi1Qs/IH+om24kLJqneOeouu/++FtsptLn3Bb/CnYNWcE8I49rzcMvjOnMYg==','아무개','6523340@naver.com',to_date('21/12/27','RR/MM/DD'),2,100,'/resources/images/main/basis-profile-img.png');
Insert into MEMBER (MEMBER_NO,MEMBER_ID,MEMBER_PW,MEMBER_NM,MEMBER_EMAIL,ENROLL_DT,STATUS_CD,GRADE_CD,ANIMAL_PROFILE_IMG) values (229,'user123','EgYfIy3VJjDxxVyAJMcjWN3phJchvqsqAtwBhRc5Y7jNcZe9VYwLS2DYEpuP8bg359Da6a6sjdAxJncxxkA0GQ==','일이삼','6523340@naver.com',to_date('21/12/28','RR/MM/DD'),2,100,'/resources/images/animalProfileImg/20211228002247_87110.jpg');
Insert into MEMBER (MEMBER_NO,MEMBER_ID,MEMBER_PW,MEMBER_NM,MEMBER_EMAIL,ENROLL_DT,STATUS_CD,GRADE_CD,ANIMAL_PROFILE_IMG) values (230,'user53','fhPn70VbbIIoPZ1gPOfWO6LZHICl0SeTlGLnyBiUY8gcNcvkrPmbhk6DLKXFamA4bFPwMy4ixBYw35GDTxLzbw==','정수민','6523340@naver.com',to_date('21/12/28','RR/MM/DD'),2,100,'/resources/images/main/basis-profile-img.png');
Insert into MEMBER (MEMBER_NO,MEMBER_ID,MEMBER_PW,MEMBER_NM,MEMBER_EMAIL,ENROLL_DT,STATUS_CD,GRADE_CD,ANIMAL_PROFILE_IMG) values (221,'user53','fhPn70VbbIIoPZ1gPOfWO6LZHICl0SeTlGLnyBiUY8gcNcvkrPmbhk6DLKXFamA4bFPwMy4ixBYw35GDTxLzbw==','정수민','6523340@naver.com',to_date('21/12/27','RR/MM/DD'),2,100,'/resources/images/animalProfileImg/20211227182527_21505.jpg');
Insert into MEMBER (MEMBER_NO,MEMBER_ID,MEMBER_PW,MEMBER_NM,MEMBER_EMAIL,ENROLL_DT,STATUS_CD,GRADE_CD,ANIMAL_PROFILE_IMG) values (231,'qkrtkddn77','aNz6xeA3gBcT9keYsV/DIkByC3CjT3wW8b1bFpKmg2+sibY2q88VnbxxzVzoplODQf0opdLavDIaOmnQkMSU0w==','박상우','qkrtkddn77@naver.com',to_date('21/12/28','RR/MM/DD'),1,100,'/resources/images/main/basis-profile-img.png');
Insert into MEMBER (MEMBER_NO,MEMBER_ID,MEMBER_PW,MEMBER_NM,MEMBER_EMAIL,ENROLL_DT,STATUS_CD,GRADE_CD,ANIMAL_PROFILE_IMG) values (232,'user05','vYd8+U8aYxI8i+xavdEmuYg2GYnkc++4D8bNW18hoLg4UCEslLUKcBhTiqdB7l2mVhC02mwY5C7a6gfhvlYpzw==','유저오','bat0917@daum.net',to_date('21/12/28','RR/MM/DD'),1,100,'/resources/images/main/basis-profile-img.png');
Insert into MEMBER (MEMBER_NO,MEMBER_ID,MEMBER_PW,MEMBER_NM,MEMBER_EMAIL,ENROLL_DT,STATUS_CD,GRADE_CD,ANIMAL_PROFILE_IMG) values (233,'test01','Jj/sWIYUSarMHDKKSv9kr/TGLfSi1Qs/IH+om24kLJqneOeouu/++FtsptLn3Bb/CnYNWcE8I49rzcMvjOnMYg==','테스트','sseungjoon0319@gamil.com',to_date('21/12/28','RR/MM/DD'),2,100,'/resources/images/main/basis-profile-img.png');
Insert into MEMBER (MEMBER_NO,MEMBER_ID,MEMBER_PW,MEMBER_NM,MEMBER_EMAIL,ENROLL_DT,STATUS_CD,GRADE_CD,ANIMAL_PROFILE_IMG) values (234,'chiwadola','sEEll9zqgTZVV03FSlt0lnz4UxfwMyolkb55U6AW+N5WIA6zfVulk7HkqifOpconEA+U3M1bBLrlyt1EVNumfQ==','성태모','chiwadola@gmail.com',to_date('21/12/28','RR/MM/DD'),1,100,'/resources/images/animalProfileImg/20211228150638_55262.PNG');
Insert into MEMBER (MEMBER_NO,MEMBER_ID,MEMBER_PW,MEMBER_NM,MEMBER_EMAIL,ENROLL_DT,STATUS_CD,GRADE_CD,ANIMAL_PROFILE_IMG) values (235,'user03','HMIijGLWAmge8gulIYLctrdaCjpL32jP/qW26BspQGYJIyNiJvZSG+k2T6q2LchocpJhjNk03ownYxZlsyJ+rw==','유저삼','dltmddbs75@naver.com',to_date('21/12/28','RR/MM/DD'),1,100,'/resources/images/main/basis-profile-img.png');
Insert into MEMBER (MEMBER_NO,MEMBER_ID,MEMBER_PW,MEMBER_NM,MEMBER_EMAIL,ENROLL_DT,STATUS_CD,GRADE_CD,ANIMAL_PROFILE_IMG) values (222,'csy8193','vYd8+U8aYxI8i+xavdEmuYg2GYnkc++4D8bNW18hoLg4UCEslLUKcBhTiqdB7l2mVhC02mwY5C7a6gfhvlYpzw==','최승엽','csy8193@naver.com',to_date('21/12/27','RR/MM/DD'),1,100,'/resources/images/animalProfileImg/20211227190747_94618.gif');
Insert into MEMBER (MEMBER_NO,MEMBER_ID,MEMBER_PW,MEMBER_NM,MEMBER_EMAIL,ENROLL_DT,STATUS_CD,GRADE_CD,ANIMAL_PROFILE_IMG) values (236,'joodb0126','vYd8+U8aYxI8i+xavdEmuYg2GYnkc++4D8bNW18hoLg4UCEslLUKcBhTiqdB7l2mVhC02mwY5C7a6gfhvlYpzw==','봉국이','joodb0126@gmail.com',to_date('21/12/28','RR/MM/DD'),1,100,'/resources/images/animalProfileImg/20211228150854_91905.JPG');
Insert into MEMBER (MEMBER_NO,MEMBER_ID,MEMBER_PW,MEMBER_NM,MEMBER_EMAIL,ENROLL_DT,STATUS_CD,GRADE_CD,ANIMAL_PROFILE_IMG) values (237,'ziontzzang','P3StrNuXaPLj2GP0Lmr1gRL/VcGKUaxCf4Ik/JVup3/OLtBxh+/GGkq4htkAAY3H7JFgrmPIL5JVASt34NBNOQ==','김계란','trust9211@naver.com',to_date('21/12/28','RR/MM/DD'),2,100,'/resources/images/main/basis-profile-img.png');
Insert into MEMBER (MEMBER_NO,MEMBER_ID,MEMBER_PW,MEMBER_NM,MEMBER_EMAIL,ENROLL_DT,STATUS_CD,GRADE_CD,ANIMAL_PROFILE_IMG) values (238,'test02','Jj/sWIYUSarMHDKKSv9kr/TGLfSi1Qs/IH+om24kLJqneOeouu/++FtsptLn3Bb/CnYNWcE8I49rzcMvjOnMYg==','투개더','zkxm0319@naver.com',to_date('21/12/28','RR/MM/DD'),1,100,'/resources/images/main/basis-profile-img.png');
Insert into MEMBER (MEMBER_NO,MEMBER_ID,MEMBER_PW,MEMBER_NM,MEMBER_EMAIL,ENROLL_DT,STATUS_CD,GRADE_CD,ANIMAL_PROFILE_IMG) values (239,'tjtmdwns','A9mSrdtj6CR9tTAJXBbleWhvN5Kk1aFfmwovM/UUrXAbbZOlh5ydANJhfpVqLJwXJwKCuyklxeUXiJx5fINZUw==','서승준','sosto258@naver.com',to_date('21/12/28','RR/MM/DD'),2,100,'/resources/images/animalProfileImg/20211228151349_74361.jfif');
Insert into MEMBER (MEMBER_NO,MEMBER_ID,MEMBER_PW,MEMBER_NM,MEMBER_EMAIL,ENROLL_DT,STATUS_CD,GRADE_CD,ANIMAL_PROFILE_IMG) values (240,'ducky46','BCWxiE7kecanZ5iPA/80IMVh6acgHJHMRNKNoXM+MpksiYvSdvFQDdkRFBipCE3tMjvOVFpz2JuB8uzRL54alA==','이덕희','ducky46@naver.com',to_date('21/12/28','RR/MM/DD'),1,100,'/resources/images/main/basis-profile-img.png');
Insert into MEMBER (MEMBER_NO,MEMBER_ID,MEMBER_PW,MEMBER_NM,MEMBER_EMAIL,ENROLL_DT,STATUS_CD,GRADE_CD,ANIMAL_PROFILE_IMG) values (241,'test33','Jj/sWIYUSarMHDKKSv9kr/TGLfSi1Qs/IH+om24kLJqneOeouu/++FtsptLn3Bb/CnYNWcE8I49rzcMvjOnMYg==','안녕','stage107@naver.com',to_date('21/12/28','RR/MM/DD'),1,100,'/resources/images/animalProfileImg/20211228151321_31990.png');
Insert into MEMBER (MEMBER_NO,MEMBER_ID,MEMBER_PW,MEMBER_NM,MEMBER_EMAIL,ENROLL_DT,STATUS_CD,GRADE_CD,ANIMAL_PROFILE_IMG) values (242,'layssingcar','vYd8+U8aYxI8i+xavdEmuYg2GYnkc++4D8bNW18hoLg4UCEslLUKcBhTiqdB7l2mVhC02mwY5C7a6gfhvlYpzw==','우혜진','layssingcar@daum.net',to_date('21/12/28','RR/MM/DD'),1,100,'/resources/images/main/basis-profile-img.png');
Insert into MEMBER (MEMBER_NO,MEMBER_ID,MEMBER_PW,MEMBER_NM,MEMBER_EMAIL,ENROLL_DT,STATUS_CD,GRADE_CD,ANIMAL_PROFILE_IMG) values (261,'user0101','02DeqFdlQnpEbQRZqnvpfK7a9sO9iISEV7Hzxntivto23dJ/i16UMur0ACYxwsfAxFwzfn5yarbQnsbAtkCJAg==','호가비','jdy9146@naver.com',to_date('21/12/28','RR/MM/DD'),1,100,'/resources/images/main/basis-profile-img.png');
Insert into MEMBER (MEMBER_NO,MEMBER_ID,MEMBER_PW,MEMBER_NM,MEMBER_EMAIL,ENROLL_DT,STATUS_CD,GRADE_CD,ANIMAL_PROFILE_IMG) values (262,'123123','Jj/sWIYUSarMHDKKSv9kr/TGLfSi1Qs/IH+om24kLJqneOeouu/++FtsptLn3Bb/CnYNWcE8I49rzcMvjOnMYg==','자자자','dydwls140@naver.com',to_date('21/12/28','RR/MM/DD'),1,100,'/resources/images/main/basis-profile-img.png');
Insert into MEMBER (MEMBER_NO,MEMBER_ID,MEMBER_PW,MEMBER_NM,MEMBER_EMAIL,ENROLL_DT,STATUS_CD,GRADE_CD,ANIMAL_PROFILE_IMG) values (263,'lsw1873','jKNbRzGHF1HCJROsox7od2NxqK+/lm+S7WQaKD9VX/x+i4L2yQWN6R6rlCqc3TdP6nn/kqUlMml3DT568Mg62w==','이명박','tkddnjs9204@naver.com',to_date('21/12/28','RR/MM/DD'),1,100,'/resources/images/main/basis-profile-img.png');
Insert into MEMBER (MEMBER_NO,MEMBER_ID,MEMBER_PW,MEMBER_NM,MEMBER_EMAIL,ENROLL_DT,STATUS_CD,GRADE_CD,ANIMAL_PROFILE_IMG) values (264,'lsw187312','Jj/sWIYUSarMHDKKSv9kr/TGLfSi1Qs/IH+om24kLJqneOeouu/++FtsptLn3Bb/CnYNWcE8I49rzcMvjOnMYg==','문재인','lsw1873@nate.com',to_date('21/12/28','RR/MM/DD'),1,100,'/resources/images/main/basis-profile-img.png');
Insert into MEMBER (MEMBER_NO,MEMBER_ID,MEMBER_PW,MEMBER_NM,MEMBER_EMAIL,ENROLL_DT,STATUS_CD,GRADE_CD,ANIMAL_PROFILE_IMG) values (265,'user011','vYd8+U8aYxI8i+xavdEmuYg2GYnkc++4D8bNW18hoLg4UCEslLUKcBhTiqdB7l2mVhC02mwY5C7a6gfhvlYpzw==','유저일일','layssing2car@daum.net',to_date('21/12/28','RR/MM/DD'),1,100,'/resources/images/main/basis-profile-img.png');
Insert into MEMBER (MEMBER_NO,MEMBER_ID,MEMBER_PW,MEMBER_NM,MEMBER_EMAIL,ENROLL_DT,STATUS_CD,GRADE_CD,ANIMAL_PROFILE_IMG) values (266,'user034','Jj/sWIYUSarMHDKKSv9kr/TGLfSi1Qs/IH+om24kLJqneOeouu/++FtsptLn3Bb/CnYNWcE8I49rzcMvjOnMYg==','감자','test123@naver.com',to_date('21/12/28','RR/MM/DD'),1,100,'/resources/images/main/basis-profile-img.png');
commit;
REM INSERTING into MEMBER_GRADE
SET DEFINE OFF;
Insert into MEMBER_GRADE (GRADE_CD,GRADE_NM) values (100,'일반회원');
Insert into MEMBER_GRADE (GRADE_CD,GRADE_NM) values (200,'관리자');
commit;
REM INSERTING into MEMBER_STATUS
SET DEFINE OFF;
Insert into MEMBER_STATUS (STATUS_CD,STATUS_NM) values (1,'정상');
Insert into MEMBER_STATUS (STATUS_CD,STATUS_NM) values (2,'탈퇴');
Insert into MEMBER_STATUS (STATUS_CD,STATUS_NM) values (3,'정지');
commit;
REM INSERTING into POINT
SET DEFINE OFF;
Insert into POINT (POINT_NO,POINT_SCORE,POINT_DATE,MEMBER_NO) values (201,20,to_date('21/12/28','RR/MM/DD'),241);
Insert into POINT (POINT_NO,POINT_SCORE,POINT_DATE,MEMBER_NO) values (181,20,to_date('21/12/28','RR/MM/DD'),232);
Insert into POINT (POINT_NO,POINT_SCORE,POINT_DATE,MEMBER_NO) values (182,20,to_date('21/12/28','RR/MM/DD'),234);
Insert into POINT (POINT_NO,POINT_SCORE,POINT_DATE,MEMBER_NO) values (202,40,to_date('21/12/28','RR/MM/DD'),225);
Insert into POINT (POINT_NO,POINT_SCORE,POINT_DATE,MEMBER_NO) values (203,20,to_date('21/12/28','RR/MM/DD'),240);
Insert into POINT (POINT_NO,POINT_SCORE,POINT_DATE,MEMBER_NO) values (204,20,to_date('21/12/28','RR/MM/DD'),235);
Insert into POINT (POINT_NO,POINT_SCORE,POINT_DATE,MEMBER_NO) values (205,20,to_date('21/12/28','RR/MM/DD'),236);
Insert into POINT (POINT_NO,POINT_SCORE,POINT_DATE,MEMBER_NO) values (206,20,to_date('21/12/28','RR/MM/DD'),237);
Insert into POINT (POINT_NO,POINT_SCORE,POINT_DATE,MEMBER_NO) values (207,20,to_date('21/12/28','RR/MM/DD'),261);
Insert into POINT (POINT_NO,POINT_SCORE,POINT_DATE,MEMBER_NO) values (169,20,to_date('21/12/27','RR/MM/DD'),225);
Insert into POINT (POINT_NO,POINT_SCORE,POINT_DATE,MEMBER_NO) values (170,20,to_date('21/12/27','RR/MM/DD'),222);
commit;
REM INSERTING into PRODUCT
SET DEFINE OFF;
REM INSERTING into PRODUCT_EXCHANGE
SET DEFINE OFF;
REM INSERTING into REPLY
SET DEFINE OFF;
Insert into REPLY (REPLY_NO,REPLY_CONTENT,REPLY_CREATE_DT,BOARD_NO,MEMBER_NO,STATUS_CD,FEEDBACK) values (169,'헉 너무 귀여워용 ㅎㅎㅎㅎ ',to_date('21/12/28','RR/MM/DD'),374,230,1,null);
Insert into REPLY (REPLY_NO,REPLY_CONTENT,REPLY_CREATE_DT,BOARD_NO,MEMBER_NO,STATUS_CD,FEEDBACK) values (170,'asdfsadfasdfsadf',to_date('21/12/28','RR/MM/DD'),391,225,2,null);
Insert into REPLY (REPLY_NO,REPLY_CONTENT,REPLY_CREATE_DT,BOARD_NO,MEMBER_NO,STATUS_CD,FEEDBACK) values (171,'asdfasdfasdfasdfsdf',to_date('21/12/28','RR/MM/DD'),381,225,2,null);
Insert into REPLY (REPLY_NO,REPLY_CONTENT,REPLY_CREATE_DT,BOARD_NO,MEMBER_NO,STATUS_CD,FEEDBACK) values (172,'악!!!!',to_date('21/12/28','RR/MM/DD'),392,236,1,null);
Insert into REPLY (REPLY_NO,REPLY_CONTENT,REPLY_CREATE_DT,BOARD_NO,MEMBER_NO,STATUS_CD,FEEDBACK) values (173,'집사가 참으면 됩니다...',to_date('21/12/28','RR/MM/DD'),355,236,1,null);
Insert into REPLY (REPLY_NO,REPLY_CONTENT,REPLY_CREATE_DT,BOARD_NO,MEMBER_NO,STATUS_CD,FEEDBACK) values (174,'ㅎㅎㅎㅎ',to_date('21/12/28','RR/MM/DD'),374,237,1,null);
Insert into REPLY (REPLY_NO,REPLY_CONTENT,REPLY_CREATE_DT,BOARD_NO,MEMBER_NO,STATUS_CD,FEEDBACK) values (175,'샥!!!!',to_date('21/12/28','RR/MM/DD'),392,234,1,172);
Insert into REPLY (REPLY_NO,REPLY_CONTENT,REPLY_CREATE_DT,BOARD_NO,MEMBER_NO,STATUS_CD,FEEDBACK) values (176,'강아지 학대를 멈춰라 우우',to_date('21/12/28','RR/MM/DD'),374,234,1,null);
Insert into REPLY (REPLY_NO,REPLY_CONTENT,REPLY_CREATE_DT,BOARD_NO,MEMBER_NO,STATUS_CD,FEEDBACK) values (177,'so cute',to_date('21/12/28','RR/MM/DD'),330,242,1,null);
Insert into REPLY (REPLY_NO,REPLY_CONTENT,REPLY_CREATE_DT,BOARD_NO,MEMBER_NO,STATUS_CD,FEEDBACK) values (178,'❤️',to_date('21/12/28','RR/MM/DD'),341,242,1,null);
Insert into REPLY (REPLY_NO,REPLY_CONTENT,REPLY_CREATE_DT,BOARD_NO,MEMBER_NO,STATUS_CD,FEEDBACK) values (179,'ㅋㅋㅋ',to_date('21/12/28','RR/MM/DD'),355,237,1,173);
Insert into REPLY (REPLY_NO,REPLY_CONTENT,REPLY_CREATE_DT,BOARD_NO,MEMBER_NO,STATUS_CD,FEEDBACK) values (180,'서승준',to_date('21/12/28','RR/MM/DD'),398,239,1,null);
Insert into REPLY (REPLY_NO,REPLY_CONTENT,REPLY_CREATE_DT,BOARD_NO,MEMBER_NO,STATUS_CD,FEEDBACK) values (181,'안녕하세요 관리자입니다.',to_date('21/12/28','RR/MM/DD'),346,239,1,null);
Insert into REPLY (REPLY_NO,REPLY_CONTENT,REPLY_CREATE_DT,BOARD_NO,MEMBER_NO,STATUS_CD,FEEDBACK) values (182,'댓글입니다 2',to_date('21/12/28','RR/MM/DD'),411,238,2,null);
Insert into REPLY (REPLY_NO,REPLY_CONTENT,REPLY_CREATE_DT,BOARD_NO,MEMBER_NO,STATUS_CD,FEEDBACK) values (183,'대댓글',to_date('21/12/28','RR/MM/DD'),411,238,1,182);
Insert into REPLY (REPLY_NO,REPLY_CONTENT,REPLY_CREATE_DT,BOARD_NO,MEMBER_NO,STATUS_CD,FEEDBACK) values (184,'고앵이 잠만 자',to_date('21/12/28','RR/MM/DD'),419,261,1,null);
Insert into REPLY (REPLY_NO,REPLY_CONTENT,REPLY_CREATE_DT,BOARD_NO,MEMBER_NO,STATUS_CD,FEEDBACK) values (185,'댓글댓글',to_date('21/12/28','RR/MM/DD'),419,261,1,184);
Insert into REPLY (REPLY_NO,REPLY_CONTENT,REPLY_CREATE_DT,BOARD_NO,MEMBER_NO,STATUS_CD,FEEDBACK) values (186,'댓글',to_date('21/12/28','RR/MM/DD'),332,238,1,null);
Insert into REPLY (REPLY_NO,REPLY_CONTENT,REPLY_CREATE_DT,BOARD_NO,MEMBER_NO,STATUS_CD,FEEDBACK) values (187,'대대글',to_date('21/12/28','RR/MM/DD'),332,238,2,186);
Insert into REPLY (REPLY_NO,REPLY_CONTENT,REPLY_CREATE_DT,BOARD_NO,MEMBER_NO,STATUS_CD,FEEDBACK) values (188,'츄르 주면 좋아합니답',to_date('21/12/28','RR/MM/DD'),351,261,1,null);
Insert into REPLY (REPLY_NO,REPLY_CONTENT,REPLY_CREATE_DT,BOARD_NO,MEMBER_NO,STATUS_CD,FEEDBACK) values (167,'그게 뭔가요??',to_date('21/12/27','RR/MM/DD'),355,222,1,null);
Insert into REPLY (REPLY_NO,REPLY_CONTENT,REPLY_CREATE_DT,BOARD_NO,MEMBER_NO,STATUS_CD,FEEDBACK) values (168,'안녕하세요',to_date('21/12/27','RR/MM/DD'),361,222,1,null);
commit;
REM INSERTING into STATUS
SET DEFINE OFF;
Insert into STATUS (STATUS_CD,STATUS_NM) values (1,'정상');
Insert into STATUS (STATUS_CD,STATUS_NM) values (2,'삭제');
Insert into STATUS (STATUS_CD,STATUS_NM) values (3,'블라인드');
commit;
--------------------------------------------------------
--  DDL for Index PK_LIKE
--------------------------------------------------------

  CREATE UNIQUE INDEX "PK_LIKE" ON "LIKE" ("MEMBER_NO", "BOARD_NO") 
  ;
--------------------------------------------------------
--  Constraints for Table MEMBER
--------------------------------------------------------

  ALTER TABLE "MEMBER" ADD PRIMARY KEY ("MEMBER_NO") ENABLE;
  ALTER TABLE "MEMBER" MODIFY ("ENROLL_DT" NOT NULL ENABLE);
  ALTER TABLE "MEMBER" MODIFY ("MEMBER_EMAIL" NOT NULL ENABLE);
  ALTER TABLE "MEMBER" MODIFY ("MEMBER_NM" NOT NULL ENABLE);
  ALTER TABLE "MEMBER" MODIFY ("MEMBER_PW" NOT NULL ENABLE);
  ALTER TABLE "MEMBER" MODIFY ("MEMBER_ID" NOT NULL ENABLE);
--------------------------------------------------------
--  Constraints for Table ANIMAL_CATEGORY
--------------------------------------------------------

  ALTER TABLE "ANIMAL_CATEGORY" ADD PRIMARY KEY ("ANIMAL_CATEGORY_CD") ENABLE;
  ALTER TABLE "ANIMAL_CATEGORY" MODIFY ("ANIMAL_CATEGORY_NM" NOT NULL ENABLE);
  ALTER TABLE "ANIMAL_CATEGORY" MODIFY ("ANIMAL_CATEGORY_CD" NOT NULL ENABLE);
--------------------------------------------------------
--  Constraints for Table ANIMAL_IMG
--------------------------------------------------------

  ALTER TABLE "ANIMAL_IMG" ADD PRIMARY KEY ("ANIMAL_IMG_NO") ENABLE;
  ALTER TABLE "ANIMAL_IMG" MODIFY ("ANIMAL_IMG_ORIGINAL" NOT NULL ENABLE);
  ALTER TABLE "ANIMAL_IMG" MODIFY ("ANIMAL_IMG_NM" NOT NULL ENABLE);
  ALTER TABLE "ANIMAL_IMG" MODIFY ("ANIMAL_IMG_PATH" NOT NULL ENABLE);
--------------------------------------------------------
--  Constraints for Table BOARD_PIC
--------------------------------------------------------

  ALTER TABLE "BOARD_PIC" ADD PRIMARY KEY ("BOARD_PIC_NO") ENABLE;
--------------------------------------------------------
--  Constraints for Table PRODUCT
--------------------------------------------------------

  ALTER TABLE "PRODUCT" ADD PRIMARY KEY ("PRODUCT_NO") ENABLE;
  ALTER TABLE "PRODUCT" MODIFY ("PRODUCT_POINT" NOT NULL ENABLE);
  ALTER TABLE "PRODUCT" MODIFY ("PRODUCT_NAME" NOT NULL ENABLE);
--------------------------------------------------------
--  Constraints for Table REPLY
--------------------------------------------------------

  ALTER TABLE "REPLY" ADD PRIMARY KEY ("REPLY_NO") ENABLE;
  ALTER TABLE "REPLY" MODIFY ("REPLY_CREATE_DT" NOT NULL ENABLE);
  ALTER TABLE "REPLY" MODIFY ("REPLY_CONTENT" NOT NULL ENABLE);
--------------------------------------------------------
--  Constraints for Table LIKE
--------------------------------------------------------

  ALTER TABLE "LIKE" ADD CONSTRAINT "PK_LIKE" PRIMARY KEY ("MEMBER_NO", "BOARD_NO") ENABLE;
--------------------------------------------------------
--  Constraints for Table ANIMAL
--------------------------------------------------------

  ALTER TABLE "ANIMAL" ADD PRIMARY KEY ("ANIMAL_NO") ENABLE;
  ALTER TABLE "ANIMAL" MODIFY ("ANIMAL_BIRTH" NOT NULL ENABLE);
  ALTER TABLE "ANIMAL" MODIFY ("ANIMAL_SEX" NOT NULL ENABLE);
  ALTER TABLE "ANIMAL" MODIFY ("ANIMAL_VARIETY" NOT NULL ENABLE);
  ALTER TABLE "ANIMAL" MODIFY ("ANIMAL_NAME" NOT NULL ENABLE);
--------------------------------------------------------
--  Constraints for Table BOARD_CODE
--------------------------------------------------------

  ALTER TABLE "BOARD_CODE" ADD PRIMARY KEY ("BOARD_CD") ENABLE;
  ALTER TABLE "BOARD_CODE" MODIFY ("BOARD_NAME" NOT NULL ENABLE);
--------------------------------------------------------
--  Constraints for Table POINT
--------------------------------------------------------

  ALTER TABLE "POINT" ADD PRIMARY KEY ("POINT_NO") ENABLE;
--------------------------------------------------------
--  Constraints for Table MEMBER_STATUS
--------------------------------------------------------

  ALTER TABLE "MEMBER_STATUS" ADD PRIMARY KEY ("STATUS_CD") ENABLE;
--------------------------------------------------------
--  Constraints for Table MEMBER_GRADE
--------------------------------------------------------

  ALTER TABLE "MEMBER_GRADE" ADD PRIMARY KEY ("GRADE_CD") ENABLE;
  ALTER TABLE "MEMBER_GRADE" MODIFY ("GRADE_NM" NOT NULL ENABLE);
--------------------------------------------------------
--  Constraints for Table PRODUCT_EXCHANGE
--------------------------------------------------------

  ALTER TABLE "PRODUCT_EXCHANGE" ADD PRIMARY KEY ("EXCHANGE_NO") ENABLE;
  ALTER TABLE "PRODUCT_EXCHANGE" MODIFY ("EXCHANGE_DATE" NOT NULL ENABLE);
--------------------------------------------------------
--  Constraints for Table STATUS
--------------------------------------------------------

  ALTER TABLE "STATUS" ADD PRIMARY KEY ("STATUS_CD") ENABLE;
  ALTER TABLE "STATUS" MODIFY ("STATUS_NM" NOT NULL ENABLE);
--------------------------------------------------------
--  Constraints for Table BOARD
--------------------------------------------------------

  ALTER TABLE "BOARD" ADD PRIMARY KEY ("BOARD_NO") ENABLE;
  ALTER TABLE "BOARD" MODIFY ("READ_COUNT" NOT NULL ENABLE);
  ALTER TABLE "BOARD" MODIFY ("CREATE_DT" NOT NULL ENABLE);
  ALTER TABLE "BOARD" MODIFY ("BOARD_CONTENT" NOT NULL ENABLE);
--------------------------------------------------------
--  Ref Constraints for Table ANIMAL
--------------------------------------------------------

  ALTER TABLE "ANIMAL" ADD FOREIGN KEY ("MEMBER_NO")
	  REFERENCES "MEMBER" ("MEMBER_NO") ON DELETE CASCADE ENABLE;
  ALTER TABLE "ANIMAL" ADD FOREIGN KEY ("ANIMAL_CATEGORY_CD")
	  REFERENCES "ANIMAL_CATEGORY" ("ANIMAL_CATEGORY_CD") ON DELETE CASCADE ENABLE;
--------------------------------------------------------
--  Ref Constraints for Table ANIMAL_IMG
--------------------------------------------------------

  ALTER TABLE "ANIMAL_IMG" ADD FOREIGN KEY ("ANIMAL_NO")
	  REFERENCES "ANIMAL" ("ANIMAL_NO") ON DELETE CASCADE ENABLE;
--------------------------------------------------------
--  Ref Constraints for Table BOARD
--------------------------------------------------------

  ALTER TABLE "BOARD" ADD FOREIGN KEY ("BOARD_CD")
	  REFERENCES "BOARD_CODE" ("BOARD_CD") ENABLE;
  ALTER TABLE "BOARD" ADD FOREIGN KEY ("STATUS_CD")
	  REFERENCES "STATUS" ("STATUS_CD") ENABLE;
  ALTER TABLE "BOARD" ADD FOREIGN KEY ("MEMBER_NO")
	  REFERENCES "MEMBER" ("MEMBER_NO") ENABLE;
--------------------------------------------------------
--  Ref Constraints for Table BOARD_PIC
--------------------------------------------------------

  ALTER TABLE "BOARD_PIC" ADD FOREIGN KEY ("BOARD_NO")
	  REFERENCES "BOARD" ("BOARD_NO") ENABLE;
--------------------------------------------------------
--  Ref Constraints for Table LIKE
--------------------------------------------------------

  ALTER TABLE "LIKE" ADD FOREIGN KEY ("MEMBER_NO")
	  REFERENCES "MEMBER" ("MEMBER_NO") ENABLE;
  ALTER TABLE "LIKE" ADD FOREIGN KEY ("BOARD_NO")
	  REFERENCES "BOARD" ("BOARD_NO") ENABLE;
--------------------------------------------------------
--  Ref Constraints for Table MEMBER
--------------------------------------------------------

  ALTER TABLE "MEMBER" ADD FOREIGN KEY ("STATUS_CD")
	  REFERENCES "MEMBER_STATUS" ("STATUS_CD") ENABLE;
  ALTER TABLE "MEMBER" ADD FOREIGN KEY ("GRADE_CD")
	  REFERENCES "MEMBER_GRADE" ("GRADE_CD") ENABLE;
--------------------------------------------------------
--  Ref Constraints for Table POINT
--------------------------------------------------------

  ALTER TABLE "POINT" ADD FOREIGN KEY ("MEMBER_NO")
	  REFERENCES "MEMBER" ("MEMBER_NO") ENABLE;
--------------------------------------------------------
--  Ref Constraints for Table PRODUCT_EXCHANGE
--------------------------------------------------------

  ALTER TABLE "PRODUCT_EXCHANGE" ADD FOREIGN KEY ("MEMBER_NO")
	  REFERENCES "MEMBER" ("MEMBER_NO") ENABLE;
  ALTER TABLE "PRODUCT_EXCHANGE" ADD FOREIGN KEY ("PRODUCT_NO")
	  REFERENCES "PRODUCT" ("PRODUCT_NO") ENABLE;
--------------------------------------------------------
--  Ref Constraints for Table REPLY
--------------------------------------------------------

  ALTER TABLE "REPLY" ADD FOREIGN KEY ("BOARD_NO")
	  REFERENCES "BOARD" ("BOARD_NO") ENABLE;
  ALTER TABLE "REPLY" ADD FOREIGN KEY ("MEMBER_NO")
	  REFERENCES "MEMBER" ("MEMBER_NO") ENABLE;
  ALTER TABLE "REPLY" ADD FOREIGN KEY ("STATUS_CD")
	  REFERENCES "STATUS" ("STATUS_CD") ENABLE;
  ALTER TABLE "REPLY" ADD FOREIGN KEY ("FEEDBACK")
	  REFERENCES "REPLY" ("REPLY_NO") ENABLE;
